Source,Target,Type,Id,Label,Weight
Psychedelics,FoodPorn,Directed,0,,9
Psychedelics,Mushrooms,Directed,1,,21
Psychedelics,cannabiscultivation,Directed,2,,9
Psychedelics,GrowingMarijuana,Directed,3,,9
Psychedelics,food,Directed,4,,18
Psychedelics,Wellthatsucks,Directed,5,,6
Psychedelics,biology,Directed,6,,7
Psychedelics,mycology,Directed,7,,30
Psychedelics,itookapicture,Directed,8,,11
Psychedelics,antiwork,Directed,9,,11
Psychedelics,RocketLeague,Directed,10,,7
Psychedelics,shroomers,Directed,11,,23
Psychedelics,MushroomGrowers,Directed,12,,21
Psychedelics,Coffee,Directed,13,,6
Psychedelics,IllegalLifeProTips,Directed,14,,8
Psychedelics,microgrowery,Directed,15,,11
Psychedelics,druggardening,Directed,16,,11
Psychedelics,kratom,Directed,17,,23
Psychedelics,Autoflowers,Directed,18,,5
Psychedelics,chemistry,Directed,19,,8
Psychedelics,trees,Directed,20,,70
Psychedelics,Kava,Directed,21,,5
Psychedelics,askdrugs,Directed,22,,10
Psychedelics,insomnia,Directed,23,,9
Psychedelics,Nootropics,Directed,24,,17
Psychedelics,weedbiz,Directed,25,,5
Psychedelics,researchchemicals,Directed,26,,42
Psychedelics,darknet,Directed,27,,9
Psychedelics,AskDrugNerds,Directed,28,,5
Psychedelics,medical,Directed,29,,10
Psychedelics,careerguidance,Directed,30,,5
Psychedelics,uktrees,Directed,31,,6
Psychedelics,Bitcoin,Directed,32,,13
Psychedelics,whatsthisplant,Directed,33,,11
Psychedelics,gardening,Directed,34,,14
Psychedelics,rosin,Directed,35,,5
Psychedelics,treedibles,Directed,36,,8
Psychedelics,personalfinance,Directed,37,,15
Psychedelics,vaporents,Directed,38,,12
Psychedelics,plants,Directed,39,,6
Psychedelics,sporetraders,Directed,40,,10
Psychedelics,ADHD,Directed,41,,24
Psychedelics,opiates,Directed,42,,19
Psychedelics,ketamine,Directed,43,,25
Psychedelics,socialanxiety,Directed,44,,11
Psychedelics,Coronavirus,Directed,45,,7
Psychedelics,askscience,Directed,46,,28
Psychedelics,DrugNerds,Directed,47,,20
Psychedelics,Dynavap,Directed,48,,6
Psychedelics,ShroomID,Directed,49,,19
Psychedelics,Physics,Directed,50,,8
Psychedelics,autism,Directed,51,,6
Psychedelics,keto,Directed,52,,9
Psychedelics,pharmacy,Directed,53,,5
Psychedelics,CBD,Directed,54,,10
Psychedelics,benzodiazepines,Directed,55,,31
Psychedelics,Advice,Directed,56,,39
Psychedelics,herbalism,Directed,57,,6
Psychedelics,travel,Directed,58,,12
Psychedelics,guns,Directed,59,,7
Psychedelics,depression,Directed,60,,25
Psychedelics,AskDocs,Directed,61,,24
Psychedelics,SuicideWatch,Directed,62,,9
Psychedelics,jobs,Directed,63,,11
Psychedelics,Supplements,Directed,64,,8
Psychedelics,tea,Directed,65,,6
Psychedelics,occult,Directed,66,,10
Psychedelics,Music,Directed,67,,39
Psychedelics,giftcardexchange,Directed,68,,7
Psychedelics,RationalPsychonaut,Directed,69,,23
Psychedelics,marijuanaenthusiasts,Directed,70,,8
Psychedelics,happy,Directed,71,,6
Psychedelics,ThatsInsane,Directed,72,,5
Psychedelics,todayilearned,Directed,73,,15
Psychedelics,legaladvice,Directed,74,,18
Psychedelics,Rainbow6,Directed,75,,5
Psychedelics,csgo,Directed,76,,6
Psychedelics,GlobalOffensive,Directed,77,,6
Psychedelics,me_irl,Directed,78,,5
Psychedelics,AmItheAsshole,Directed,79,,15
Psychedelics,FortNiteBR,Directed,80,,9
Psychedelics,cats,Directed,81,,30
Psychedelics,Vaping,Directed,82,,12
Psychedelics,Showerthoughts,Directed,83,,52
Psychedelics,AskReddit,Directed,84,,112
Psychedelics,pokemon,Directed,85,,9
Psychedelics,lean,Directed,86,,7
Psychedelics,MDMA,Directed,87,,59
Psychedelics,playboicarti,Directed,88,,8
Psychedelics,relationship_advice,Directed,89,,22
Psychedelics,weed,Directed,90,,82
Psychedelics,mildlyinteresting,Directed,91,,28
Psychedelics,whatisthisthing,Directed,92,,30
Psychedelics,aww,Directed,93,,31
Psychedelics,RoastMe,Directed,94,,5
Psychedelics,gratefuldead,Directed,95,,8
Psychedelics,NoFap,Directed,96,,15
Psychedelics,CryptoCurrency,Directed,97,,19
Psychedelics,Eldenring,Directed,98,,10
Psychedelics,buildapc,Directed,99,,15
Psychedelics,techsupport,Directed,100,,24
Psychedelics,CODZombies,Directed,101,,9
Psychedelics,spirituality,Directed,102,,23
Psychedelics,awakened,Directed,103,,16
Psychedelics,tripreports,Directed,104,,9
Psychedelics,Salvia,Directed,105,,21
Psychedelics,Psychedelic,Directed,106,,21
Psychedelics,Psychonaut,Directed,107,,131
Psychedelics,AstralProjection,Directed,108,,17
Psychedelics,Meditation,Directed,109,,27
Psychedelics,memes,Directed,110,,30
Psychedelics,Psychic,Directed,111,,10
Psychedelics,Ayahuasca,Directed,112,,19
Psychedelics,DMT,Directed,113,,94
Psychedelics,Mindfulness,Directed,114,,7
Psychedelics,psychedelicartwork,Directed,115,,15
Psychedelics,philosophy,Directed,116,,12
Psychedelics,books,Directed,117,,10
Psychedelics,explainlikeimfive,Directed,118,,21
Psychedelics,whatsthisbug,Directed,119,,10
Psychedelics,suggestmeabook,Directed,120,,7
Psychedelics,Techno,Directed,121,,9
Psychedelics,NameThatSong,Directed,122,,9
Psychedelics,CannabisExtracts,Directed,123,,8
Psychedelics,Acid,Directed,124,,40
Psychedelics,translator,Directed,125,,5
Psychedelics,unclebens,Directed,126,,15
Psychedelics,MagicMushrooms,Directed,127,,17
Psychedelics,Petioles,Directed,128,,6
Psychedelics,drugscirclejerk,Directed,129,,15
Psychedelics,leaves,Directed,130,,12
Psychedelics,Stims,Directed,131,,17
Psychedelics,coins,Directed,132,,8
Psychedelics,reddeadredemption,Directed,133,,6
Psychedelics,somethingimade,Directed,134,,5
Psychedelics,drugsarebeautiful,Directed,135,,8
Psychedelics,WTF,Directed,136,,10
Psychedelics,guitarpedals,Directed,137,,7
Psychedelics,Paranormal,Directed,138,,5
Psychedelics,guitars,Directed,139,,8
Psychedelics,AMA,Directed,140,,11
Psychedelics,psilocybin,Directed,141,,21
Psychedelics,PsychedelicStudies,Directed,142,,23
Psychedelics,PsilocybinMushrooms,Directed,143,,39
Psychedelics,adderall,Directed,144,,11
Psychedelics,dissociatives,Directed,145,,5
Psychedelics,TherapeuticKetamine,Directed,146,,5
Psychedelics,Currentlytripping,Directed,147,,15
Psychedelics,Marijuana,Directed,148,,21
Psychedelics,painting,Directed,149,,10
Psychedelics,drawing,Directed,150,,13
Psychedelics,schizophrenia,Directed,151,,6
Psychedelics,stopsmoking,Directed,152,,6
Psychedelics,Guitar,Directed,153,,18
Psychedelics,piercing,Directed,154,,10
Psychedelics,bipolar,Directed,155,,11
Psychedelics,LSA,Directed,156,,13
Psychedelics,sex,Directed,157,,11
Psychedelics,Naruto,Directed,158,,5
Psychedelics,mushroomID,Directed,159,,6
Psychedelics,pics,Directed,160,,32
Psychedelics,microdosing,Directed,161,,33
Psychedelics,TripSit,Directed,162,,14
Psychedelics,replications,Directed,163,,11
Psychedelics,aves,Directed,164,,11
Psychedelics,xboxone,Directed,165,,6
Psychedelics,skyrim,Directed,166,,7
Psychedelics,electronic_cigarette,Directed,167,,9
Psychedelics,wallstreetbets,Directed,168,,23
Psychedelics,blackopscoldwar,Directed,169,,6
Psychedelics,modernwarfare,Directed,170,,9
Psychedelics,gaming,Directed,171,,25
Psychedelics,HPPD,Directed,172,,10
Psychedelics,indieheads,Directed,173,,10
Psychedelics,listentothis,Directed,174,,24
Psychedelics,psychedelicrock,Directed,175,,16
Psychedelics,ifyoulikeblank,Directed,176,,13
Psychedelics,dogecoin,Directed,177,,7
Psychedelics,sanpedrocactus,Directed,178,,16
Psychedelics,MacMiller,Directed,179,,6
Psychedelics,conspiracy,Directed,180,,26
Psychedelics,musicproduction,Directed,181,,13
Psychedelics,LucidDreaming,Directed,182,,14
Psychedelics,stocks,Directed,183,,11
Psychedelics,2007scape,Directed,184,,5
Psychedelics,trippy,Directed,185,,31
Psychedelics,Buddhism,Directed,186,,13
Psychedelics,dating_advice,Directed,187,,8
Psychedelics,PsychedelicTherapy,Directed,188,,8
Psychedelics,rap,Directed,189,,14
Psychedelics,nba,Directed,190,,5
Psychedelics,politics,Directed,191,,7
Psychedelics,EDM,Directed,192,,12
Psychedelics,interestingasfuck,Directed,193,,14
Psychedelics,SkincareAddiction,Directed,194,,7
Psychedelics,mdmatherapy,Directed,195,,9
Psychedelics,fasting,Directed,196,,9
Psychedelics,alcohol,Directed,197,,5
Psychedelics,religion,Directed,198,,5
Psychedelics,addiction,Directed,199,,11
Psychedelics,Dreams,Directed,200,,13
Psychedelics,sleep,Directed,201,,8
Psychedelics,cannabis,Directed,202,,10
Psychedelics,history,Directed,203,,8
Psychedelics,ptsd,Directed,204,,5
Psychedelics,science,Directed,205,,5
Psychedelics,tattoo,Directed,206,,8
Psychedelics,ThisIsOurMusic,Directed,207,,12
Psychedelics,cars,Directed,208,,11
Psychedelics,Minecraft,Directed,209,,19
Psychedelics,pcmasterrace,Directed,210,,15
Psychedelics,tattoos,Directed,211,,11
Psychedelics,Dabs,Directed,212,,12
Psychedelics,pillhead,Directed,213,,6
Psychedelics,oilpen,Directed,214,,13
Psychedelics,mescaline,Directed,215,,11
Psychedelics,196,Directed,216,,10
Psychedelics,quittingkratom,Directed,217,,8
Psychedelics,dadjokes,Directed,218,,5
Psychedelics,LSDTripLifeHacks,Directed,219,,17
Psychedelics,cocaine,Directed,220,,13
Psychedelics,meth,Directed,221,,7
Psychedelics,tipofmytongue,Directed,222,,20
Psychedelics,playstation,Directed,223,,9
Psychedelics,unpopularopinion,Directed,224,,26
Psychedelics,assholedesign,Directed,225,,5
Psychedelics,delta8,Directed,226,,9
Psychedelics,Anxietyhelp,Directed,227,,5
Psychedelics,JoeRogan,Directed,228,,11
Psychedelics,ReagentTesting,Directed,229,,13
Psychedelics,NoStupidQuestions,Directed,230,,23
Psychedelics,BecomingTheIceman,Directed,231,,6
Psychedelics,TripCaves,Directed,232,,6
Psychedelics,AskWomen,Directed,233,,9
Psychedelics,NintendoSwitch,Directed,234,,6
Psychedelics,mentalhealth,Directed,235,,14
Psychedelics,PublicFreakout,Directed,236,,6
Psychedelics,makinghiphop,Directed,237,,6
Psychedelics,Eminem,Directed,238,,6
Psychedelics,GME,Directed,239,,6
Psychedelics,DestinyTheGame,Directed,240,,5
Psychedelics,Jokes,Directed,241,,10
Psychedelics,leagueoflegends,Directed,242,,12
Psychedelics,findareddit,Directed,243,,8
Psychedelics,tifu,Directed,244,,8
Psychedelics,Metal,Directed,245,,6
Psychedelics,wow,Directed,246,,5
Psychedelics,DunderMifflin,Directed,247,,10
Psychedelics,lofi,Directed,248,,5
Psychedelics,cyberpunkgame,Directed,249,,7
Psychedelics,darksouls3,Directed,250,,7
Psychedelics,oddlysatisfying,Directed,251,,8
Psychedelics,apexlegends,Directed,252,,6
Psychedelics,dxm,Directed,253,,27
Psychedelics,dontdeadopeninside,Directed,254,,5
Psychedelics,worldnews,Directed,255,,7
Psychedelics,applehelp,Directed,256,,7
Psychedelics,indie_rock,Directed,257,,6
Psychedelics,MadeMeSmile,Directed,258,,9
Psychedelics,Anxiety,Directed,259,,12
Psychedelics,TrueOffMyChest,Directed,260,,7
Psychedelics,mildlyinfuriating,Directed,261,,15
Psychedelics,offmychest,Directed,262,,9
Psychedelics,funny,Directed,263,,26
Psychedelics,Parenting,Directed,264,,7
Psychedelics,Tinder,Directed,265,,9
Psychedelics,Art,Directed,266,,29
Psychedelics,antidepressants,Directed,267,,8
Psychedelics,help,Directed,268,,10
Psychedelics,OCPoetry,Directed,269,,5
Psychedelics,2cb,Directed,270,,16
Psychedelics,ableton,Directed,271,,9
Psychedelics,FL_Studio,Directed,272,,10
Psychedelics,HydroHomies,Directed,273,,6
Psychedelics,news,Directed,274,,9
Psychedelics,copypasta,Directed,275,,5
Psychedelics,hiphopheads,Directed,276,,12
Psychedelics,Hair,Directed,277,,5
Psychedelics,teenagers,Directed,278,,17
Psychedelics,vegan,Directed,279,,11
Psychedelics,videos,Directed,280,,20
Psychedelics,ShittyLifeProTips,Directed,281,,5
Psychedelics,NatureIsFuckingLit,Directed,282,,5
Psychedelics,movies,Directed,283,,7
Psychedelics,MovieSuggestions,Directed,284,,6
Psychedelics,GetMotivated,Directed,285,,6
Psychedelics,spiders,Directed,286,,5
Psychedelics,plantclinic,Directed,287,,5
Psychedelics,gtaonline,Directed,288,,5
Psychedelics,bodyweightfitness,Directed,289,,5
Psychedelics,PewdiepieSubmissions,Directed,290,,9
Psychedelics,Christianity,Directed,291,,8
Psychedelics,anime,Directed,292,,8
Psychedelics,learnprogramming,Directed,293,,5
Psychedelics,tooktoomuch,Directed,294,,5
Psychedelics,Unexpected,Directed,295,,7
Psychedelics,dankmemes,Directed,296,,10
Psychedelics,DecidingToBeBetter,Directed,297,,9
Psychedelics,youtube,Directed,298,,13
Psychedelics,photography,Directed,299,,10
Psychedelics,1P_LSD,Directed,300,,12
Psychedelics,intermittentfasting,Directed,301,,5
Psychedelics,Sneakers,Directed,302,,5
Psychedelics,ihadastroke,Directed,303,,6
Psychedelics,pagan,Directed,304,,5
Psychedelics,cursedimages,Directed,305,,5
Psychedelics,space,Directed,306,,5
Psychedelics,FreeKarma4U,Directed,307,,8
Psychedelics,trance,Directed,308,,6
Psychedelics,electronicmusic,Directed,309,,13
Psychedelics,selfhelp,Directed,310,,5
Psychedelics,medical_advice,Directed,311,,8
Psychedelics,relationships,Directed,312,,11
Psychedelics,socialskills,Directed,313,,5
Psychedelics,drugmemes,Directed,314,,5
Psychedelics,juul,Directed,315,,5
Psychedelics,dontputyourdickinthat,Directed,316,,8
Psychedelics,conspiracytheories,Directed,317,,5
Psychedelics,highdeas,Directed,318,,10
Psychedelics,investing,Directed,319,,8
Psychedelics,Twitch,Directed,320,,6
Psychedelics,Filmmakers,Directed,321,,6
Psychedelics,hiphop,Directed,322,,6
Psychedelics,cringe,Directed,323,,5
Psychedelics,Nicotine,Directed,324,,5
Psychedelics,trashy,Directed,325,,6
Psychedelics,Aquariums,Directed,326,,6
Psychedelics,AskMen,Directed,327,,12
Psychedelics,ToolBand,Directed,328,,5
Psychedelics,spotify,Directed,329,,6
Psychedelics,TooAfraidToAsk,Directed,330,,11
Psychedelics,astrology,Directed,331,,5
Psychedelics,whatsthisrock,Directed,332,,5
Psychedelics,dogs,Directed,333,,7
Psychedelics,australia,Directed,334,,8
Psychedelics,booksuggestions,Directed,335,,8
Psychedelics,AbstractArt,Directed,336,,5
Psychedelics,HelpMeFind,Directed,337,,9
Psychedelics,nfl,Directed,338,,5
Psychedelics,pcgaming,Directed,339,,8
Psychedelics,CODWarzone,Directed,340,,6
Psychedelics,ufc,Directed,341,,6
Psychedelics,synthesizers,Directed,342,,10
Psychedelics,electricdaisycarnival,Directed,343,,5
Psychedelics,Android,Directed,344,,5
Psychedelics,iphone,Directed,345,,7
Psychedelics,SpotifyPlaylists,Directed,346,,5
Psychedelics,AskAstrologers,Directed,347,,5
Psychedelics,yoga,Directed,348,,8
Psychedelics,atheism,Directed,349,,11
Psychedelics,WeAreTheMusicMakers,Directed,350,,14
Psychedelics,lexapro,Directed,351,,6
Psychedelics,Instagram,Directed,352,,6
Psychedelics,HomeImprovement,Directed,353,,6
Psychedelics,spiritual,Directed,354,,5
Psychedelics,shittyfoodporn,Directed,355,,5
Psychedelics,TameImpala,Directed,356,,6
Psychedelics,audioengineering,Directed,357,,6
Psychedelics,lgbt,Directed,358,,10
Psychedelics,Cooking,Directed,359,,6
Psychedelics,Fitness,Directed,360,,10
Psychedelics,Games,Directed,361,,6
Psychedelics,meme,Directed,362,,5
Psychedelics,Overwatch,Directed,363,,6
Psychedelics,Psychosis,Directed,364,,5
Psychedelics,Peptides,Directed,365,,5
Psychedelics,pokemongo,Directed,366,,8
Psychedelics,Windows10,Directed,367,,5
Psychedelics,woahdude,Directed,368,,17
Psychedelics,DIY,Directed,369,,8
Psychedelics,CallOfDuty,Directed,370,,5
Psychedelics,Vent,Directed,371,,5
Psychedelics,dubstep,Directed,372,,6
Psychedelics,Crystals,Directed,373,,6
Psychedelics,PsilocybinTherapy,Directed,374,,6
Psychedelics,EarthPorn,Directed,375,,6
Psychedelics,PS4,Directed,376,,6
Psychedelics,ask,Directed,377,,8
Psychedelics,writing,Directed,378,,5
Psychedelics,LifeProTips,Directed,379,,10
Psychedelics,CrappyDesign,Directed,380,,5
Psychedelics,Entrepreneur,Directed,381,,6
Psychedelics,Monero,Directed,382,,6
Psychedelics,jailbreak,Directed,383,,5
Psychedelics,lawofattraction,Directed,384,,7
Psychedelics,StonerEngineering,Directed,385,,6
Psychedelics,audiophile,Directed,386,,6
Psychedelics,SuggestALaptop,Directed,387,,5
Psychedelics,saplings,Directed,388,,5
Psychedelics,trap,Directed,389,,5
Psychedelics,FreeCompliments,Directed,390,,5
Psychedelics,notinteresting,Directed,391,,5
Psychedelics,MechanicAdvice,Directed,392,,5
Psychedelics,liluzivert,Directed,393,,6
benzodiazepines,benzorecovery,Directed,394,,46
benzodiazepines,Music,Directed,395,,20
benzodiazepines,phenibut,Directed,396,,23
benzodiazepines,pillhead,Directed,397,,85
benzodiazepines,cocaine,Directed,398,,89
benzodiazepines,kratom,Directed,399,,58
benzodiazepines,guitars,Directed,400,,7
benzodiazepines,opiates,Directed,401,,158
benzodiazepines,antiwork,Directed,402,,6
benzodiazepines,AskReddit,Directed,403,,79
benzodiazepines,shroomers,Directed,404,,6
benzodiazepines,Psychonaut,Directed,405,,26
benzodiazepines,bodybuilding,Directed,406,,8
benzodiazepines,microdosing,Directed,407,,15
benzodiazepines,dxm,Directed,408,,48
benzodiazepines,researchchemicals,Directed,409,,102
benzodiazepines,StackAdvice,Directed,410,,11
benzodiazepines,Nootropics,Directed,411,,22
benzodiazepines,CircleofTrust,Directed,412,,6
benzodiazepines,trees,Directed,413,,64
benzodiazepines,Showerthoughts,Directed,414,,23
benzodiazepines,weed,Directed,415,,76
benzodiazepines,aww,Directed,416,,18
benzodiazepines,gaming,Directed,417,,21
benzodiazepines,xboxone,Directed,418,,8
benzodiazepines,lean,Directed,419,,64
benzodiazepines,MushroomGrowers,Directed,420,,8
benzodiazepines,Coffee,Directed,421,,6
benzodiazepines,IllegalLifeProTips,Directed,422,,8
benzodiazepines,microgrowery,Directed,423,,11
benzodiazepines,druggardening,Directed,424,,8
benzodiazepines,mycology,Directed,425,,9
benzodiazepines,cannabiscultivation,Directed,426,,6
benzodiazepines,Autoflowers,Directed,427,,5
benzodiazepines,GrowingMarijuana,Directed,428,,8
benzodiazepines,Kava,Directed,429,,10
benzodiazepines,askdrugs,Directed,430,,26
benzodiazepines,insomnia,Directed,431,,22
benzodiazepines,gabagoodness,Directed,432,,28
benzodiazepines,onions,Directed,433,,10
benzodiazepines,darknet,Directed,434,,30
benzodiazepines,TheeHive,Directed,435,,6
benzodiazepines,GHB_info,Directed,436,,7
benzodiazepines,AskDrugNerds,Directed,437,,13
benzodiazepines,medical,Directed,438,,10
benzodiazepines,uktrees,Directed,439,,9
benzodiazepines,Bitcoin,Directed,440,,15
benzodiazepines,whatsthisplant,Directed,441,,8
benzodiazepines,Kratomm,Directed,442,,5
benzodiazepines,ResearchChemicalsNL,Directed,443,,6
benzodiazepines,rosin,Directed,444,,7
benzodiazepines,treedibles,Directed,445,,13
benzodiazepines,personalfinance,Directed,446,,13
benzodiazepines,vaporents,Directed,447,,7
benzodiazepines,sporetraders,Directed,448,,5
benzodiazepines,ADHD,Directed,449,,31
benzodiazepines,quittingphenibut,Directed,450,,7
benzodiazepines,ketamine,Directed,451,,44
benzodiazepines,socialanxiety,Directed,452,,8
benzodiazepines,Coronavirus,Directed,453,,6
benzodiazepines,askscience,Directed,454,,11
benzodiazepines,DrugNerds,Directed,455,,17
benzodiazepines,Opioid_RCs,Directed,456,,10
benzodiazepines,Dynavap,Directed,457,,6
benzodiazepines,ShroomID,Directed,458,,7
benzodiazepines,keto,Directed,459,,5
benzodiazepines,pharmacy,Directed,460,,9
benzodiazepines,CBD,Directed,461,,21
benzodiazepines,WeightLossAdvice,Directed,462,,7
benzodiazepines,Methadone,Directed,463,,23
benzodiazepines,Advice,Directed,464,,24
benzodiazepines,pregabalin,Directed,465,,10
benzodiazepines,travel,Directed,466,,5
benzodiazepines,guns,Directed,467,,8
benzodiazepines,depression,Directed,468,,43
benzodiazepines,AskDocs,Directed,469,,36
benzodiazepines,SuicideWatch,Directed,470,,25
benzodiazepines,jobs,Directed,471,,12
benzodiazepines,Supplements,Directed,472,,16
benzodiazepines,tea,Directed,473,,5
benzodiazepines,Psychedelics,Directed,474,,31
benzodiazepines,FashionReps,Directed,475,,7
benzodiazepines,FreeKarma4U,Directed,476,,13
benzodiazepines,MakeNewFriendsHere,Directed,477,,5
benzodiazepines,piercing,Directed,478,,14
benzodiazepines,OpiatesRecovery,Directed,479,,22
benzodiazepines,thatHappened,Directed,480,,6
benzodiazepines,mildlyinteresting,Directed,481,,11
benzodiazepines,food,Directed,482,,9
benzodiazepines,explainlikeimfive,Directed,483,,11
benzodiazepines,pics,Directed,484,,13
benzodiazepines,suboxone,Directed,485,,38
benzodiazepines,MagicMushrooms,Directed,486,,6
benzodiazepines,Petioles,Directed,487,,5
benzodiazepines,NitrousOxide,Directed,488,,5
benzodiazepines,drugscirclejerk,Directed,489,,23
benzodiazepines,leaves,Directed,490,,13
benzodiazepines,Stims,Directed,491,,58
benzodiazepines,JuiceWRLD,Directed,492,,9
benzodiazepines,Monero,Directed,493,,7
benzodiazepines,csgo,Directed,494,,5
benzodiazepines,MDMA,Directed,495,,62
benzodiazepines,DMT,Directed,496,,32
benzodiazepines,2cb,Directed,497,,13
benzodiazepines,PewdiepieSubmissions,Directed,498,,5
benzodiazepines,teenagers,Directed,499,,14
benzodiazepines,MechanicAdvice,Directed,500,,5
benzodiazepines,Unemployment,Directed,501,,8
benzodiazepines,sarmssourcetalk,Directed,502,,7
benzodiazepines,Drugtests,Directed,503,,5
benzodiazepines,Dabs,Directed,504,,12
benzodiazepines,Art,Directed,505,,9
benzodiazepines,itookapicture,Directed,506,,6
benzodiazepines,196,Directed,507,,9
benzodiazepines,cactus,Directed,508,,5
benzodiazepines,cats,Directed,509,,25
benzodiazepines,tipofmytongue,Directed,510,,18
benzodiazepines,selfharm,Directed,511,,9
benzodiazepines,Anxiety,Directed,512,,35
benzodiazepines,CODZombies,Directed,513,,5
benzodiazepines,speed,Directed,514,,11
benzodiazepines,drugtesthelp,Directed,515,,14
benzodiazepines,painting,Directed,516,,8
benzodiazepines,drawing,Directed,517,,6
benzodiazepines,schizophrenia,Directed,518,,7
benzodiazepines,stopsmoking,Directed,519,,8
benzodiazepines,Guitar,Directed,520,,10
benzodiazepines,bipolar,Directed,521,,19
benzodiazepines,LSA,Directed,522,,6
benzodiazepines,sex,Directed,523,,9
benzodiazepines,LilPeep,Directed,524,,8
benzodiazepines,Naruto,Directed,525,,5
benzodiazepines,addiction,Directed,526,,13
benzodiazepines,Antipsychiatry,Directed,527,,5
benzodiazepines,relationship_advice,Directed,528,,18
benzodiazepines,Psychosis,Directed,529,,6
benzodiazepines,mentalhealth,Directed,530,,20
benzodiazepines,oilpen,Directed,531,,17
benzodiazepines,DPH,Directed,532,,13
benzodiazepines,offmychest,Directed,533,,12
benzodiazepines,TripSit,Directed,534,,6
benzodiazepines,mentalillness,Directed,535,,6
benzodiazepines,help,Directed,536,,5
benzodiazepines,alcohol,Directed,537,,12
benzodiazepines,facebook,Directed,538,,5
benzodiazepines,quittingkratom,Directed,539,,20
benzodiazepines,pillsporn,Directed,540,,26
benzodiazepines,delta8,Directed,541,,9
benzodiazepines,CannabisExtracts,Directed,542,,12
benzodiazepines,PsilocybinMushrooms,Directed,543,,8
benzodiazepines,self,Directed,544,,6
benzodiazepines,AmItheAsshole,Directed,545,,12
benzodiazepines,NoStupidQuestions,Directed,546,,25
benzodiazepines,confession,Directed,547,,7
benzodiazepines,TrueOffMyChest,Directed,548,,11
benzodiazepines,techsupport,Directed,549,,18
benzodiazepines,lgbt,Directed,550,,5
benzodiazepines,Paranormal,Directed,551,,9
benzodiazepines,raisedbynarcissists,Directed,552,,6
benzodiazepines,TooAfraidToAsk,Directed,553,,10
benzodiazepines,PanicAttack,Directed,554,,8
benzodiazepines,Layer,Directed,555,,6
benzodiazepines,giftcardexchange,Directed,556,,7
benzodiazepines,drugsarebeautiful,Directed,557,,60
benzodiazepines,unpopularopinion,Directed,558,,16
benzodiazepines,cracksmokers,Directed,559,,7
benzodiazepines,gratefuldead,Directed,560,,7
benzodiazepines,whatisthisthing,Directed,561,,11
benzodiazepines,WTF,Directed,562,,7
benzodiazepines,PoppyTea,Directed,563,,5
benzodiazepines,videos,Directed,564,,7
benzodiazepines,Piracy,Directed,565,,5
benzodiazepines,paypal,Directed,566,,6
benzodiazepines,computers,Directed,567,,8
benzodiazepines,HeadphoneAdvice,Directed,568,,6
benzodiazepines,molly,Directed,569,,6
benzodiazepines,fakecartridges,Directed,570,,10
benzodiazepines,G59,Directed,571,,11
benzodiazepines,antidepressants,Directed,572,,11
benzodiazepines,ask,Directed,573,,6
benzodiazepines,lexapro,Directed,574,,12
benzodiazepines,FortNiteBR,Directed,575,,8
benzodiazepines,Vaping,Directed,576,,16
benzodiazepines,Kanye,Directed,577,,7
benzodiazepines,pokemongo,Directed,578,,6
benzodiazepines,circlejerk,Directed,579,,5
benzodiazepines,FoodPorn,Directed,580,,6
benzodiazepines,Cooking,Directed,581,,5
benzodiazepines,ambien,Directed,582,,19
benzodiazepines,adderall,Directed,583,,37
benzodiazepines,hiphopheads,Directed,584,,17
benzodiazepines,homebrewlean,Directed,585,,8
benzodiazepines,Acid,Directed,586,,10
benzodiazepines,Cigarettes,Directed,587,,18
benzodiazepines,playboicarti,Directed,588,,6
benzodiazepines,sanpedrocactus,Directed,589,,5
benzodiazepines,JoeRogan,Directed,590,,5
benzodiazepines,Minecraft,Directed,591,,10
benzodiazepines,gofundme,Directed,592,,5
benzodiazepines,Sneakers,Directed,593,,10
benzodiazepines,rap,Directed,594,,6
benzodiazepines,wallstreetbets,Directed,595,,16
benzodiazepines,Anxietyhelp,Directed,596,,7
benzodiazepines,tripreports,Directed,597,,5
benzodiazepines,apple,Directed,598,,8
benzodiazepines,skyrim,Directed,599,,7
benzodiazepines,Monitors,Directed,600,,5
benzodiazepines,BPD,Directed,601,,11
benzodiazepines,pcmasterrace,Directed,602,,13
benzodiazepines,playstation,Directed,603,,9
benzodiazepines,AMA,Directed,604,,10
benzodiazepines,Jokes,Directed,605,,9
benzodiazepines,stopdrinking,Directed,606,,6
benzodiazepines,Tinder,Directed,607,,11
benzodiazepines,tifu,Directed,608,,7
benzodiazepines,memes,Directed,609,,13
benzodiazepines,heroin,Directed,610,,39
benzodiazepines,tattoos,Directed,611,,6
benzodiazepines,cringe,Directed,612,,5
benzodiazepines,drugmemes,Directed,613,,8
benzodiazepines,headphones,Directed,614,,13
benzodiazepines,buildapc,Directed,615,,18
benzodiazepines,HPPD,Directed,616,,9
benzodiazepines,dissociatives,Directed,617,,6
benzodiazepines,pcgaming,Directed,618,,5
benzodiazepines,makinghiphop,Directed,619,,5
benzodiazepines,WeAreTheMusicMakers,Directed,620,,9
benzodiazepines,applehelp,Directed,621,,6
benzodiazepines,mac,Directed,622,,5
benzodiazepines,MacMiller,Directed,623,,8
benzodiazepines,conspiracy,Directed,624,,13
benzodiazepines,funny,Directed,625,,23
benzodiazepines,apexlegends,Directed,626,,8
benzodiazepines,NoFap,Directed,627,,12
benzodiazepines,Metal,Directed,628,,6
benzodiazepines,Dreams,Directed,629,,12
benzodiazepines,NBA2k,Directed,630,,5
benzodiazepines,drunk,Directed,631,,11
benzodiazepines,legaladvice,Directed,632,,30
benzodiazepines,dogecoin,Directed,633,,8
benzodiazepines,PS4,Directed,634,,12
benzodiazepines,ObscureDrugs,Directed,635,,11
benzodiazepines,PillPoppers,Directed,636,,14
benzodiazepines,meth,Directed,637,,17
benzodiazepines,codeine,Directed,638,,15
benzodiazepines,Plumbing,Directed,639,,5
benzodiazepines,ReagentTesting,Directed,640,,15
benzodiazepines,KratomKorner,Directed,641,,6
benzodiazepines,spiders,Directed,642,,6
benzodiazepines,whatsthisbug,Directed,643,,10
benzodiazepines,Scams,Directed,644,,5
benzodiazepines,Salvia,Directed,645,,12
benzodiazepines,gtaonline,Directed,646,,6
benzodiazepines,Hair,Directed,647,,7
benzodiazepines,musictheory,Directed,648,,5
benzodiazepines,1P_LSD,Directed,649,,7
benzodiazepines,intermittentfasting,Directed,650,,5
benzodiazepines,afinil,Directed,651,,6
benzodiazepines,Marijuana,Directed,652,,6
benzodiazepines,tooktoomuch,Directed,653,,6
benzodiazepines,Dentistry,Directed,654,,6
benzodiazepines,electronic_cigarette,Directed,655,,19
benzodiazepines,sleep,Directed,656,,6
benzodiazepines,guitarpedals,Directed,657,,5
benzodiazepines,iphone,Directed,658,,13
benzodiazepines,CasualConversation,Directed,659,,6
benzodiazepines,streetwear,Directed,660,,10
benzodiazepines,malefashionadvice,Directed,661,,5
benzodiazepines,tax,Directed,662,,6
benzodiazepines,CashApp,Directed,663,,5
benzodiazepines,pressies,Directed,664,,19
benzodiazepines,medical_advice,Directed,665,,12
benzodiazepines,relationships,Directed,666,,15
benzodiazepines,juul,Directed,667,,6
benzodiazepines,Eldenring,Directed,668,,5
benzodiazepines,Mushrooms,Directed,669,,5
benzodiazepines,Testosterone,Directed,670,,5
benzodiazepines,modafinil,Directed,671,,5
benzodiazepines,movies,Directed,672,,6
benzodiazepines,pokemon,Directed,673,,8
benzodiazepines,DunderMifflin,Directed,674,,7
benzodiazepines,askpsychology,Directed,675,,5
benzodiazepines,audiophile,Directed,676,,5
benzodiazepines,youtube,Directed,677,,5
benzodiazepines,CoinBase,Directed,678,,5
benzodiazepines,Fitness,Directed,679,,7
benzodiazepines,sadboys,Directed,680,,5
benzodiazepines,XXXTENTACION,Directed,681,,5
benzodiazepines,NintendoSwitch,Directed,682,,9
benzodiazepines,BreakUps,Directed,683,,6
benzodiazepines,Tianeptine,Directed,684,,6
benzodiazepines,Benzedrex,Directed,685,,5
benzodiazepines,bipolar2,Directed,686,,6
benzodiazepines,benzopiate,Directed,687,,8
benzodiazepines,OCPoetry,Directed,688,,6
benzodiazepines,2007scape,Directed,689,,8
benzodiazepines,discordapp,Directed,690,,6
benzodiazepines,listentothis,Directed,691,,7
benzodiazepines,alcoholism,Directed,692,,6
benzodiazepines,xbox,Directed,693,,7
benzodiazepines,SkincareAddiction,Directed,694,,10
benzodiazepines,ptsd,Directed,695,,5
benzodiazepines,leagueoflegends,Directed,696,,7
benzodiazepines,southpark,Directed,697,,8
benzodiazepines,horror,Directed,698,,8
benzodiazepines,vegan,Directed,699,,6
benzodiazepines,borrow,Directed,700,,8
benzodiazepines,wow,Directed,701,,6
benzodiazepines,CryptoCurrency,Directed,702,,8
benzodiazepines,ChronicPain,Directed,703,,5
benzodiazepines,TherapeuticKetamine,Directed,704,,5
benzodiazepines,musicproduction,Directed,705,,8
benzodiazepines,COVID19positive,Directed,706,,5
benzodiazepines,HomeImprovement,Directed,707,,6
benzodiazepines,RoastMe,Directed,708,,5
benzodiazepines,UnsentLetters,Directed,709,,5
benzodiazepines,drugcirclejerk,Directed,710,,7
benzodiazepines,anime,Directed,711,,7
benzodiazepines,QuittingTianeptine,Directed,712,,5
benzodiazepines,investing,Directed,713,,5
benzodiazepines,USPS,Directed,714,,6
benzodiazepines,fentanyl,Directed,715,,13
benzodiazepines,Assistance,Directed,716,,5
benzodiazepines,okbuddyretard,Directed,717,,5
benzodiazepines,AnimalCrossing,Directed,718,,5
benzodiazepines,rant,Directed,719,,6
benzodiazepines,EscapefromTarkov,Directed,720,,5
benzodiazepines,CallOfDuty,Directed,721,,5
cocaine,BreakUps,Directed,722,,8
cocaine,kratom,Directed,723,,20
cocaine,phenibut,Directed,724,,7
cocaine,opiates,Directed,725,,67
cocaine,benzodiazepines,Directed,726,,89
cocaine,pillhead,Directed,727,,25
cocaine,suboxone,Directed,728,,12
cocaine,askdrugs,Directed,729,,15
cocaine,adderall,Directed,730,,11
cocaine,researchchemicals,Directed,731,,35
cocaine,Tinder,Directed,732,,9
cocaine,ketamine,Directed,733,,35
cocaine,DMT,Directed,734,,27
cocaine,unpopularopinion,Directed,735,,18
cocaine,benzorecovery,Directed,736,,10
cocaine,explainlikeimfive,Directed,737,,18
cocaine,Acid,Directed,738,,14
cocaine,dontputyourdickinthat,Directed,739,,6
cocaine,NoStupidQuestions,Directed,740,,17
cocaine,mildlyinfuriating,Directed,741,,12
cocaine,legaladvice,Directed,742,,22
cocaine,tipofmypenis,Directed,743,,6
cocaine,movies,Directed,744,,12
cocaine,antiwork,Directed,745,,8
cocaine,Watches,Directed,746,,6
cocaine,tifu,Directed,747,,8
cocaine,AskReddit,Directed,748,,85
cocaine,relationships,Directed,749,,9
cocaine,personalfinance,Directed,750,,15
cocaine,AskWomen,Directed,751,,5
cocaine,depression,Directed,752,,29
cocaine,BPD,Directed,753,,9
cocaine,RoastMe,Directed,754,,8
cocaine,askscience,Directed,755,,10
cocaine,techsupport,Directed,756,,12
cocaine,hiphopheads,Directed,757,,11
cocaine,videos,Directed,758,,9
cocaine,funny,Directed,759,,28
cocaine,gaming,Directed,760,,17
cocaine,Music,Directed,761,,15
cocaine,meth,Directed,762,,27
cocaine,mentalhealth,Directed,763,,6
cocaine,snapchat,Directed,764,,6
cocaine,weed,Directed,765,,47
cocaine,rap,Directed,766,,6
cocaine,relationship_advice,Directed,767,,25
cocaine,copypasta,Directed,768,,6
cocaine,Advice,Directed,769,,21
cocaine,ADHD,Directed,770,,12
cocaine,Dabs,Directed,771,,9
cocaine,CannabisExtracts,Directed,772,,6
cocaine,oilpen,Directed,773,,17
cocaine,Vaping,Directed,774,,8
cocaine,Nootropics,Directed,775,,7
cocaine,sex,Directed,776,,16
cocaine,TrueOffMyChest,Directed,777,,6
cocaine,selfharm,Directed,778,,6
cocaine,Scams,Directed,779,,5
cocaine,Buddhism,Directed,780,,5
cocaine,Drugtests,Directed,781,,5
cocaine,CryptoCurrency,Directed,782,,11
cocaine,Stims,Directed,783,,41
cocaine,dxm,Directed,784,,18
cocaine,NarcoticsAnonymous,Directed,785,,5
cocaine,addiction,Directed,786,,10
cocaine,Christianity,Directed,787,,6
cocaine,SuicideWatch,Directed,788,,15
cocaine,cats,Directed,789,,19
cocaine,trees,Directed,790,,46
cocaine,DPH,Directed,791,,8
cocaine,offmychest,Directed,792,,12
cocaine,MadeMeSmile,Directed,793,,5
cocaine,leaves,Directed,794,,6
cocaine,alcohol,Directed,795,,9
cocaine,Monero,Directed,796,,5
cocaine,piercing,Directed,797,,6
cocaine,aww,Directed,798,,18
cocaine,golf,Directed,799,,6
cocaine,Showerthoughts,Directed,800,,27
cocaine,highdeas,Directed,801,,6
cocaine,AmItheAsshole,Directed,802,,9
cocaine,bipolar,Directed,803,,7
cocaine,medical_advice,Directed,804,,6
cocaine,tattoos,Directed,805,,7
cocaine,dating,Directed,806,,6
cocaine,memes,Directed,807,,11
cocaine,MDMA,Directed,808,,60
cocaine,bodybuilding,Directed,809,,7
cocaine,Psychonaut,Directed,810,,11
cocaine,uktrees,Directed,811,,10
cocaine,treedibles,Directed,812,,9
cocaine,fakecartridges,Directed,813,,12
cocaine,pokemongo,Directed,814,,8
cocaine,drunk,Directed,815,,8
cocaine,dogecoin,Directed,816,,12
cocaine,AskMen,Directed,817,,9
cocaine,dogs,Directed,818,,6
cocaine,GrowingMarijuana,Directed,819,,6
cocaine,listentothis,Directed,820,,9
cocaine,todayilearned,Directed,821,,6
cocaine,alcoholism,Directed,822,,5
cocaine,Minecraft,Directed,823,,5
cocaine,drugscirclejerk,Directed,824,,26
cocaine,FoodPorn,Directed,825,,6
cocaine,lean,Directed,826,,34
cocaine,420,Directed,827,,7
cocaine,FreeKarma4U,Directed,828,,8
cocaine,Marijuana,Directed,829,,8
cocaine,darknet,Directed,830,,21
cocaine,computers,Directed,831,,5
cocaine,speed,Directed,832,,12
cocaine,NoFap,Directed,833,,9
cocaine,Psychedelics,Directed,834,,13
cocaine,AMA,Directed,835,,6
cocaine,Jokes,Directed,836,,8
cocaine,OpiatesRecovery,Directed,837,,10
cocaine,AskDocs,Directed,838,,18
cocaine,Kanye,Directed,839,,6
cocaine,stopdrinking,Directed,840,,8
cocaine,food,Directed,841,,6
cocaine,StarWars,Directed,842,,5
cocaine,pics,Directed,843,,14
cocaine,Repsneakers,Directed,844,,11
cocaine,PillPoppers,Directed,845,,6
cocaine,insomnia,Directed,846,,6
cocaine,pillsporn,Directed,847,,8
cocaine,heroin,Directed,848,,26
cocaine,drugsarebeautiful,Directed,849,,24
cocaine,drugtesthelp,Directed,850,,11
cocaine,conspiracy,Directed,851,,11
cocaine,fentanyl,Directed,852,,13
cocaine,whatisthisthing,Directed,853,,12
cocaine,CasualConversation,Directed,854,,6
cocaine,mildlyinteresting,Directed,855,,16
cocaine,tipofmytongue,Directed,856,,9
cocaine,LifeProTips,Directed,857,,6
cocaine,self,Directed,858,,6
cocaine,electricians,Directed,859,,5
cocaine,news,Directed,860,,6
cocaine,streetwear,Directed,861,,6
cocaine,Guitar,Directed,862,,5
cocaine,teenagers,Directed,863,,9
cocaine,ReagentTesting,Directed,864,,8
cocaine,Anxiety,Directed,865,,10
cocaine,Piracy,Directed,866,,5
cocaine,Art,Directed,867,,11
cocaine,youtube,Directed,868,,5
cocaine,xboxone,Directed,869,,5
cocaine,Fitness,Directed,870,,5
cocaine,RocketLeague,Directed,871,,6
cocaine,2cb,Directed,872,,9
cocaine,pressies,Directed,873,,6
cocaine,whatsthisbug,Directed,874,,5
cocaine,Cigarettes,Directed,875,,11
cocaine,CasualUK,Directed,876,,6
cocaine,spirituality,Directed,877,,5
cocaine,Overwatch,Directed,878,,5
cocaine,wallstreetbets,Directed,879,,12
cocaine,delta8,Directed,880,,6
cocaine,DrugNerds,Directed,881,,8
cocaine,ShroomID,Directed,882,,6
cocaine,AppleWatch,Directed,883,,5
cocaine,Methadone,Directed,884,,11
cocaine,gabagoodness,Directed,885,,7
cocaine,Atlanta,Directed,886,,5
cocaine,Assistance,Directed,887,,5
cocaine,cracksmokers,Directed,888,,10
cocaine,drugmemes,Directed,889,,7
cocaine,playboicarti,Directed,890,,11
cocaine,WTF,Directed,891,,12
cocaine,interestingasfuck,Directed,892,,9
cocaine,MovieSuggestions,Directed,893,,5
cocaine,buildapc,Directed,894,,11
cocaine,spotify,Directed,895,,5
cocaine,MushroomGrowers,Directed,896,,6
cocaine,borrow,Directed,897,,8
cocaine,fasting,Directed,898,,5
cocaine,FashionReps,Directed,899,,8
cocaine,liluzivert,Directed,900,,6
cocaine,microgrowery,Directed,901,,6
cocaine,IllegalLifeProTips,Directed,902,,6
cocaine,aves,Directed,903,,7
cocaine,pcmasterrace,Directed,904,,15
cocaine,modernwarfare,Directed,905,,9
cocaine,Bitcoin,Directed,906,,10
cocaine,raisedbynarcissists,Directed,907,,5
cocaine,SkincareAddiction,Directed,908,,8
cocaine,sarmssourcetalk,Directed,909,,6
cocaine,lgbt,Directed,910,,5
cocaine,gonewild,Directed,911,,8
cocaine,G59,Directed,912,,5
cocaine,apple,Directed,913,,9
cocaine,196,Directed,914,,8
cocaine,Sneakers,Directed,915,,10
cocaine,confession,Directed,916,,5
cocaine,drawing,Directed,917,,7
cocaine,photography,Directed,918,,5
cocaine,ObscureDrugs,Directed,919,,5
cocaine,PS4,Directed,920,,6
cocaine,cars,Directed,921,,6
cocaine,Dentistry,Directed,922,,7
cocaine,microdosing,Directed,923,,8
cocaine,amcstock,Directed,924,,5
cocaine,guns,Directed,925,,5
cocaine,psychedelicrock,Directed,926,,5
cocaine,sadboys,Directed,927,,5
cocaine,ifyoulikeblank,Directed,928,,5
cocaine,audiophile,Directed,929,,6
cocaine,WeAreTheMusicMakers,Directed,930,,5
cocaine,electronic_cigarette,Directed,931,,5
cocaine,rant,Directed,932,,5
ambien,unpopularopinion,Directed,933,,10
ambien,copypasta,Directed,934,,9
ambien,FortNiteBR,Directed,935,,7
ambien,pokemon,Directed,936,,7
ambien,mildlyinteresting,Directed,937,,8
ambien,aww,Directed,938,,10
ambien,cursedimages,Directed,939,,5
ambien,adderall,Directed,940,,9
ambien,dxm,Directed,941,,13
ambien,buildapc,Directed,942,,7
ambien,bipolar,Directed,943,,8
ambien,trees,Directed,944,,18
ambien,drugscirclejerk,Directed,945,,8
ambien,Showerthoughts,Directed,946,,17
ambien,AskReddit,Directed,947,,41
ambien,teenagers,Directed,948,,12
ambien,youngpeopleyoutube,Directed,949,,8
ambien,memes,Directed,950,,12
ambien,me_irl,Directed,951,,6
ambien,PewdiepieSubmissions,Directed,952,,5
ambien,dankmemes,Directed,953,,10
ambien,Watches,Directed,954,,6
ambien,skyrim,Directed,955,,6
ambien,DunderMifflin,Directed,956,,7
ambien,cats,Directed,957,,10
ambien,weed,Directed,958,,8
ambien,benzodiazepines,Directed,959,,19
ambien,Stims,Directed,960,,8
ambien,Minecraft,Directed,961,,7
ambien,Advice,Directed,962,,11
ambien,SuicideWatch,Directed,963,,6
ambien,AskDocs,Directed,964,,11
ambien,196,Directed,965,,14
ambien,sex,Directed,966,,6
ambien,personalfinance,Directed,967,,5
ambien,niceguys,Directed,968,,5
ambien,opiates,Directed,969,,13
ambien,DrugNerds,Directed,970,,5
ambien,pillhead,Directed,971,,7
ambien,suboxone,Directed,972,,5
ambien,pcmasterrace,Directed,973,,6
ambien,Anxiety,Directed,974,,6
ambien,depression,Directed,975,,10
ambien,mentalhealth,Directed,976,,5
ambien,tipofmytongue,Directed,977,,13
ambien,shittyfoodporn,Directed,978,,5
ambien,NoStupidQuestions,Directed,979,,13
ambien,gaming,Directed,980,,7
ambien,pics,Directed,981,,7
ambien,MDMA,Directed,982,,6
ambien,meme,Directed,983,,5
ambien,AMA,Directed,984,,7
ambien,videos,Directed,985,,6
ambien,softwaregore,Directed,986,,9
ambien,askdrugs,Directed,987,,7
ambien,kratom,Directed,988,,8
ambien,Nootropics,Directed,989,,10
ambien,phenibut,Directed,990,,7
ambien,techsupport,Directed,991,,10
ambien,askscience,Directed,992,,10
ambien,funny,Directed,993,,9
ambien,medical_advice,Directed,994,,6
ambien,legaladvice,Directed,995,,6
ambien,ADHD,Directed,996,,9
ambien,wallstreetbets,Directed,997,,5
ambien,whatisthisthing,Directed,998,,7
ambien,okbuddyretard,Directed,999,,5
ambien,insomnia,Directed,1000,,6
ambien,Psychonaut,Directed,1001,,6
ambien,researchchemicals,Directed,1002,,8
ambien,mildlyinfuriating,Directed,1003,,8
ambien,AmItheAsshole,Directed,1004,,5
ambien,Dreams,Directed,1005,,5
ambien,drugsarebeautiful,Directed,1006,,5
ambien,xboxone,Directed,1007,,5
ambien,drugtesthelp,Directed,1008,,5
ambien,ketamine,Directed,1009,,5
opiates,shroomers,Directed,1010,,9
opiates,MushroomGrowers,Directed,1011,,9
opiates,drugsarebeautiful,Directed,1012,,36
opiates,Stims,Directed,1013,,75
opiates,druggardening,Directed,1014,,8
opiates,DMT,Directed,1015,,33
opiates,AskReddit,Directed,1016,,124
opiates,depression,Directed,1017,,37
opiates,cocaine,Directed,1018,,67
opiates,kratom,Directed,1019,,89
opiates,phenibut,Directed,1020,,19
opiates,benzodiazepines,Directed,1021,,158
opiates,pillhead,Directed,1022,,52
opiates,suboxone,Directed,1023,,69
opiates,askdrugs,Directed,1024,,34
opiates,adderall,Directed,1025,,32
opiates,ResearchChemicalsNL,Directed,1026,,6
opiates,researchchemicals,Directed,1027,,85
opiates,Tinder,Directed,1028,,9
opiates,ketamine,Directed,1029,,31
opiates,unpopularopinion,Directed,1030,,16
opiates,benzorecovery,Directed,1031,,17
opiates,explainlikeimfive,Directed,1032,,22
opiates,Acid,Directed,1033,,9
opiates,NatureIsFuckingLit,Directed,1034,,6
opiates,NoStupidQuestions,Directed,1035,,39
opiates,mildlyinfuriating,Directed,1036,,12
opiates,legaladvice,Directed,1037,,54
opiates,magick,Directed,1038,,5
opiates,dxm,Directed,1039,,48
opiates,CircleofTrust,Directed,1040,,14
opiates,trees,Directed,1041,,87
opiates,Christianity,Directed,1042,,9
opiates,Showerthoughts,Directed,1043,,31
opiates,weed,Directed,1044,,42
opiates,aww,Directed,1045,,35
opiates,gaming,Directed,1046,,25
opiates,IllegalLifeProTips,Directed,1047,,15
opiates,ireland,Directed,1048,,5
opiates,microgrowery,Directed,1049,,11
opiates,mycology,Directed,1050,,11
opiates,cannabiscultivation,Directed,1051,,6
opiates,Autoflowers,Directed,1052,,5
opiates,chemistry,Directed,1053,,8
opiates,Kava,Directed,1054,,8
opiates,insomnia,Directed,1055,,9
opiates,gabagoodness,Directed,1056,,20
opiates,Nootropics,Directed,1057,,26
opiates,onions,Directed,1058,,7
opiates,darknet,Directed,1059,,45
opiates,TheeHive,Directed,1060,,8
opiates,GHB_info,Directed,1061,,6
opiates,AskDrugNerds,Directed,1062,,20
opiates,medical,Directed,1063,,10
opiates,careerguidance,Directed,1064,,6
opiates,uktrees,Directed,1065,,6
opiates,Bitcoin,Directed,1066,,22
opiates,whatsthisplant,Directed,1067,,5
opiates,gardening,Directed,1068,,9
opiates,biology,Directed,1069,,5
opiates,HomeworkHelp,Directed,1070,,6
opiates,Kratomm,Directed,1071,,7
opiates,treedibles,Directed,1072,,8
opiates,personalfinance,Directed,1073,,28
opiates,vaporents,Directed,1074,,11
opiates,ADHD,Directed,1075,,28
opiates,quittingphenibut,Directed,1076,,6
opiates,socialanxiety,Directed,1077,,8
opiates,Coronavirus,Directed,1078,,6
opiates,askscience,Directed,1079,,35
opiates,DrugNerds,Directed,1080,,25
opiates,Opioid_RCs,Directed,1081,,15
opiates,ShroomID,Directed,1082,,6
opiates,Physics,Directed,1083,,5
opiates,keto,Directed,1084,,7
opiates,pharmacy,Directed,1085,,10
opiates,CBD,Directed,1086,,17
opiates,Methadone,Directed,1087,,33
opiates,Advice,Directed,1088,,28
opiates,pregabalin,Directed,1089,,7
opiates,herbalism,Directed,1090,,5
opiates,travel,Directed,1091,,8
opiates,AskDocs,Directed,1092,,32
opiates,SuicideWatch,Directed,1093,,25
opiates,jobs,Directed,1094,,8
opiates,Supplements,Directed,1095,,10
opiates,StackAdvice,Directed,1096,,8
opiates,tea,Directed,1097,,6
opiates,Psychedelics,Directed,1098,,19
opiates,Vaping,Directed,1099,,22
opiates,leaves,Directed,1100,,13
opiates,hardwareswap,Directed,1101,,5
opiates,heroin,Directed,1102,,71
opiates,audiophile,Directed,1103,,8
opiates,rap,Directed,1104,,10
opiates,Psychosis,Directed,1105,,6
opiates,playstation,Directed,1106,,11
opiates,ChronicPain,Directed,1107,,21
opiates,CallOfDuty,Directed,1108,,7
opiates,relationship_advice,Directed,1109,,18
opiates,help,Directed,1110,,11
opiates,mentalillness,Directed,1111,,8
opiates,DecidingToBeBetter,Directed,1112,,6
opiates,copypasta,Directed,1113,,6
opiates,Dabs,Directed,1114,,10
opiates,CannabisExtracts,Directed,1115,,7
opiates,oilpen,Directed,1116,,11
opiates,sex,Directed,1117,,13
opiates,piercing,Directed,1118,,10
opiates,OpiatesRecovery,Directed,1119,,89
opiates,thatHappened,Directed,1120,,8
opiates,mildlyinteresting,Directed,1121,,23
opiates,food,Directed,1122,,9
opiates,pics,Directed,1123,,34
opiates,meth,Directed,1124,,29
opiates,Psychonaut,Directed,1125,,28
opiates,buildapc,Directed,1126,,19
opiates,tifu,Directed,1127,,15
opiates,relationships,Directed,1128,,17
opiates,addiction,Directed,1129,,29
opiates,196,Directed,1130,,7
opiates,movies,Directed,1131,,19
opiates,tipofmytongue,Directed,1132,,23
opiates,whatisthisthing,Directed,1133,,25
opiates,todayilearned,Directed,1134,,13
opiates,trashy,Directed,1135,,12
opiates,investing,Directed,1136,,7
opiates,cringe,Directed,1137,,9
opiates,videos,Directed,1138,,20
opiates,funny,Directed,1139,,45
opiates,woahdude,Directed,1140,,6
opiates,news,Directed,1141,,13
opiates,WTF,Directed,1142,,15
opiates,Music,Directed,1143,,27
opiates,listentothis,Directed,1144,,12
opiates,Drugtests,Directed,1145,,7
opiates,Unemployment,Directed,1146,,10
opiates,Jokes,Directed,1147,,12
opiates,modafinil,Directed,1148,,5
opiates,hiphopheads,Directed,1149,,20
opiates,phoenix,Directed,1150,,5
opiates,fentanyl,Directed,1151,,38
opiates,Aquariums,Directed,1152,,6
opiates,fakecartridges,Directed,1153,,5
opiates,NarcoticsAnonymous,Directed,1154,,9
opiates,Antipsychiatry,Directed,1155,,6
opiates,MakeNewFriendsHere,Directed,1156,,6
opiates,mentalhealth,Directed,1157,,16
opiates,lonely,Directed,1158,,6
opiates,cats,Directed,1159,,32
opiates,Vent,Directed,1160,,5
opiates,Meditation,Directed,1161,,5
opiates,findareddit,Directed,1162,,8
opiates,DPH,Directed,1163,,16
opiates,offmychest,Directed,1164,,12
opiates,TripSit,Directed,1165,,8
opiates,religion,Directed,1166,,7
opiates,MadeMeSmile,Directed,1167,,5
opiates,AstralProjection,Directed,1168,,6
opiates,alcohol,Directed,1169,,10
opiates,facebook,Directed,1170,,5
opiates,awakened,Directed,1171,,7
opiates,LSA,Directed,1172,,7
opiates,Monero,Directed,1173,,9
opiates,AskVet,Directed,1174,,6
opiates,Health,Directed,1175,,6
opiates,worldnews,Directed,1176,,9
opiates,DIY,Directed,1177,,5
opiates,psychology,Directed,1178,,7
opiates,whatsthisbug,Directed,1179,,9
opiates,SkincareAddiction,Directed,1180,,9
opiates,Hair,Directed,1181,,5
opiates,PanicAttack,Directed,1182,,5
opiates,Anxietyhelp,Directed,1183,,9
opiates,microdosing,Directed,1184,,13
opiates,drugscirclejerk,Directed,1185,,29
opiates,teenagers,Directed,1186,,15
opiates,Dentistry,Directed,1187,,6
opiates,bipolar,Directed,1188,,10
opiates,Testosterone,Directed,1189,,8
opiates,GetMotivated,Directed,1190,,6
opiates,vegan,Directed,1191,,7
opiates,gay,Directed,1192,,5
opiates,selfhelp,Directed,1193,,5
opiates,Parenting,Directed,1194,,8
opiates,alcoholism,Directed,1195,,7
opiates,technology,Directed,1196,,5
opiates,electronic_cigarette,Directed,1197,,19
opiates,snapchat,Directed,1198,,5
opiates,OCPoetry,Directed,1199,,5
opiates,Ibogaine,Directed,1200,,5
opiates,intermittentfasting,Directed,1201,,5
opiates,FortNiteBR,Directed,1202,,5
opiates,juul,Directed,1203,,7
opiates,apple,Directed,1204,,14
opiates,wallstreetbets,Directed,1205,,17
opiates,spotify,Directed,1206,,7
opiates,Android,Directed,1207,,9
opiates,westworld,Directed,1208,,5
opiates,politics,Directed,1209,,9
opiates,gratefuldead,Directed,1210,,8
opiates,lawofattraction,Directed,1211,,6
opiates,dating_advice,Directed,1212,,8
opiates,PoppyTea,Directed,1213,,12
opiates,MDMA,Directed,1214,,49
opiates,lean,Directed,1215,,44
opiates,quittingkratom,Directed,1216,,19
opiates,ShittyLifeProTips,Directed,1217,,6
opiates,AskWomen,Directed,1218,,5
opiates,philosophy,Directed,1219,,7
opiates,xboxone,Directed,1220,,14
opiates,2007scape,Directed,1221,,5
opiates,conspiracytheories,Directed,1222,,5
opiates,stopdrinking,Directed,1223,,12
opiates,AMA,Directed,1224,,8
opiates,borrow,Directed,1225,,23
opiates,lgbt,Directed,1226,,6
opiates,discordapp,Directed,1227,,5
opiates,raisedbynarcissists,Directed,1228,,8
opiates,Tianeptine,Directed,1229,,7
opiates,ambien,Directed,1230,,13
opiates,Marijuana,Directed,1231,,13
opiates,UnsentLetters,Directed,1232,,5
opiates,succulents,Directed,1233,,6
opiates,Paranormal,Directed,1234,,9
opiates,Cigarettes,Directed,1235,,16
opiates,Guitar,Directed,1236,,10
opiates,WeAreTheMusicMakers,Directed,1237,,11
opiates,memes,Directed,1238,,21
opiates,deepweb,Directed,1239,,7
opiates,FoodPorn,Directed,1240,,5
opiates,Minecraft,Directed,1241,,11
opiates,tripreports,Directed,1242,,7
opiates,LilPeep,Directed,1243,,9
opiates,rupaulsdragrace,Directed,1244,,6
opiates,punk,Directed,1245,,7
opiates,tattoos,Directed,1246,,8
opiates,books,Directed,1247,,9
opiates,Ghosts,Directed,1248,,5
opiates,Mushrooms,Directed,1249,,6
opiates,dissociatives,Directed,1250,,9
opiates,shittyfoodporn,Directed,1251,,8
opiates,Assistance,Directed,1252,,10
opiates,anime,Directed,1253,,10
opiates,me_irl,Directed,1254,,12
opiates,AskMen,Directed,1255,,5
opiates,UnethicalLifeProTips,Directed,1256,,6
opiates,drugtesthelp,Directed,1257,,19
opiates,homebrewlean,Directed,1258,,6
opiates,streetwear,Directed,1259,,7
opiates,leagueoflegends,Directed,1260,,14
opiates,Anxiety,Directed,1261,,19
opiates,NitrousOxide,Directed,1262,,5
opiates,NoFap,Directed,1263,,12
opiates,techsupport,Directed,1264,,26
opiates,DunderMifflin,Directed,1265,,6
opiates,nba,Directed,1266,,9
opiates,AmItheAsshole,Directed,1267,,11
opiates,nfl,Directed,1268,,6
opiates,DestinyTheGame,Directed,1269,,5
opiates,TrueOffMyChest,Directed,1270,,7
opiates,iamverybadass,Directed,1271,,8
opiates,codeine,Directed,1272,,12
opiates,CoinBase,Directed,1273,,9
opiates,MechanicAdvice,Directed,1274,,7
opiates,FreeKarma4U,Directed,1275,,6
opiates,JuiceWRLD,Directed,1276,,8
opiates,interestingasfuck,Directed,1277,,11
opiates,LifeProTips,Directed,1278,,13
opiates,askpsychology,Directed,1279,,5
opiates,spirituality,Directed,1280,,6
opiates,Overwatch,Directed,1281,,10
opiates,antiwork,Directed,1282,,7
opiates,Buddhism,Directed,1283,,7
opiates,Psychic,Directed,1284,,5
opiates,niceguys,Directed,1285,,5
opiates,PS4,Directed,1286,,17
opiates,modernwarfare,Directed,1287,,7
opiates,ReagentTesting,Directed,1288,,11
opiates,Fitness,Directed,1289,,7
opiates,Rainbow6,Directed,1290,,7
opiates,StonerEngineering,Directed,1291,,5
opiates,2cb,Directed,1292,,7
opiates,EarthPorn,Directed,1293,,6
opiates,musictheory,Directed,1294,,5
opiates,Cooking,Directed,1295,,9
opiates,Peptides,Directed,1296,,6
opiates,HeadphoneAdvice,Directed,1297,,5
opiates,sarmssourcetalk,Directed,1298,,7
opiates,apexlegends,Directed,1299,,7
opiates,computers,Directed,1300,,11
opiates,ask,Directed,1301,,8
opiates,dankmemes,Directed,1302,,7
opiates,jailbreak,Directed,1303,,7
opiates,iphone,Directed,1304,,12
opiates,speed,Directed,1305,,9
opiates,electricians,Directed,1306,,5
opiates,iamverysmart,Directed,1307,,8
opiates,aves,Directed,1308,,7
opiates,festivals,Directed,1309,,5
opiates,GlobalOffensive,Directed,1310,,6
opiates,painting,Directed,1311,,6
opiates,im14andthisisdeep,Directed,1312,,5
opiates,Art,Directed,1313,,14
opiates,pressies,Directed,1314,,7
opiates,drugcirclejerk,Directed,1315,,7
opiates,stocks,Directed,1316,,6
opiates,Benzedrex,Directed,1317,,9
opiates,electronicmusic,Directed,1318,,6
opiates,BPD,Directed,1319,,12
opiates,confession,Directed,1320,,12
opiates,highdeas,Directed,1321,,5
opiates,headphones,Directed,1322,,10
opiates,Dreams,Directed,1323,,9
opiates,pcgaming,Directed,1324,,5
opiates,skyrim,Directed,1325,,6
opiates,TooAfraidToAsk,Directed,1326,,11
opiates,HelpMeFind,Directed,1327,,6
opiates,G59,Directed,1328,,7
opiates,FL_Studio,Directed,1329,,6
opiates,CODWarzone,Directed,1330,,5
opiates,playboicarti,Directed,1331,,9
opiates,pillsporn,Directed,1332,,10
opiates,conspiracy,Directed,1333,,16
opiates,saplings,Directed,1334,,5
opiates,Sneakers,Directed,1335,,10
opiates,xbox,Directed,1336,,7
opiates,CryptoCurrency,Directed,1337,,14
opiates,gameofthrones,Directed,1338,,6
opiates,atheism,Directed,1339,,8
opiates,makinghiphop,Directed,1340,,6
opiates,wow,Directed,1341,,6
opiates,Piracy,Directed,1342,,6
opiates,pokemon,Directed,1343,,9
opiates,AndroidQuestions,Directed,1344,,9
opiates,Metal,Directed,1345,,6
opiates,answers,Directed,1346,,5
opiates,dogs,Directed,1347,,13
opiates,circlejerk,Directed,1348,,5
opiates,AdviceAnimals,Directed,1349,,7
opiates,youtube,Directed,1350,,14
opiates,delta8,Directed,1351,,8
opiates,cannabis,Directed,1352,,6
opiates,PublicFreakout,Directed,1353,,5
opiates,tax,Directed,1354,,6
opiates,coins,Directed,1355,,6
opiates,FellowKids,Directed,1356,,5
opiates,Amd,Directed,1357,,6
opiates,pcmasterrace,Directed,1358,,16
opiates,bodybuilding,Directed,1359,,6
opiates,destiny2,Directed,1360,,6
opiates,drugmemes,Directed,1361,,11
opiates,PsilocybinMushrooms,Directed,1362,,5
opiates,oddlysatisfying,Directed,1363,,6
opiates,horror,Directed,1364,,7
opiates,marvelstudios,Directed,1365,,5
opiates,gofundme,Directed,1366,,9
opiates,astrology,Directed,1367,,5
opiates,giftcardexchange,Directed,1368,,6
opiates,KratomKorner,Directed,1369,,10
opiates,medical_advice,Directed,1370,,12
opiates,RationalPsychonaut,Directed,1371,,5
opiates,cracksmokers,Directed,1372,,9
opiates,FashionReps,Directed,1373,,8
opiates,XXXTENTACION,Directed,1374,,8
opiates,tattoo,Directed,1375,,5
opiates,Crystals,Directed,1376,,5
opiates,cars,Directed,1377,,7
opiates,stopsmoking,Directed,1378,,8
opiates,Monitors,Directed,1379,,7
opiates,occult,Directed,1380,,6
opiates,spiders,Directed,1381,,6
opiates,FreeCompliments,Directed,1382,,6
opiates,drawing,Directed,1383,,6
opiates,Repsneakers,Directed,1384,,7
opiates,Kanye,Directed,1385,,5
opiates,Scams,Directed,1386,,6
opiates,translator,Directed,1387,,6
opiates,gtaonline,Directed,1388,,5
opiates,drunk,Directed,1389,,8
opiates,soccer,Directed,1390,,6
opiates,Mindfulness,Directed,1391,,5
opiates,JoeRogan,Directed,1392,,8
opiates,hiphop,Directed,1393,,5
opiates,ObscureDrugs,Directed,1394,,10
opiates,stimuluscheck,Directed,1395,,6
opiates,LucidDreaming,Directed,1396,,7
opiates,ArtOfRolling,Directed,1397,,5
opiates,USPS,Directed,1398,,5
opiates,musicproduction,Directed,1399,,5
opiates,CasualConversation,Directed,1400,,6
opiates,CashApp,Directed,1401,,5
opiates,AskElectronics,Directed,1402,,6
opiates,Glitch_in_the_Matrix,Directed,1403,,5
cannabis,trees,Directed,1404,,35
cannabis,Marijuana,Directed,1405,,34
cannabis,videos,Directed,1406,,13
cannabis,420,Directed,1407,,6
cannabis,cannabiscultivation,Directed,1408,,9
cannabis,CannabisExtracts,Directed,1409,,11
cannabis,Showerthoughts,Directed,1410,,5
cannabis,funny,Directed,1411,,7
cannabis,mildlyinteresting,Directed,1412,,6
cannabis,AskReddit,Directed,1413,,10
cannabis,pics,Directed,1414,,11
cannabis,gaming,Directed,1415,,6
cannabis,Coronavirus,Directed,1416,,8
cannabis,weed,Directed,1417,,23
cannabis,worldnews,Directed,1418,,8
cannabis,marijuanaenthusiasts,Directed,1419,,8
cannabis,Psychedelics,Directed,1420,,10
cannabis,CBD,Directed,1421,,14
cannabis,COVID19,Directed,1422,,6
cannabis,DMT,Directed,1423,,6
cannabis,Psychonaut,Directed,1424,,10
cannabis,cbdinfo,Directed,1425,,5
cannabis,Health,Directed,1426,,6
cannabis,Meditation,Directed,1427,,7
cannabis,researchchemicals,Directed,1428,,5
cannabis,DrugNerds,Directed,1429,,7
cannabis,science,Directed,1430,,5
cannabis,politics,Directed,1431,,9
cannabis,youtube,Directed,1432,,7
cannabis,listentothis,Directed,1433,,9
cannabis,aww,Directed,1434,,6
cannabis,cats,Directed,1435,,5
cannabis,weedbiz,Directed,1436,,7
cannabis,travel,Directed,1437,,5
cannabis,news,Directed,1438,,10
cannabis,lgbt,Directed,1439,,5
cannabis,Filmmakers,Directed,1440,,5
cannabis,photography,Directed,1441,,5
cannabis,technology,Directed,1442,,6
cannabis,conspiracy,Directed,1443,,7
cannabis,Music,Directed,1444,,13
cannabis,trippy,Directed,1445,,6
cannabis,hiphop,Directed,1446,,6
cannabis,Cannabis_Culture,Directed,1447,,10
cannabis,pharmacy,Directed,1448,,5
cannabis,rap,Directed,1449,,8
cannabis,stocks,Directed,1450,,6
cannabis,wallstreetbets,Directed,1451,,8
cannabis,hiphopheads,Directed,1452,,5
cannabis,opiates,Directed,1453,,6
cannabis,CryptoCurrency,Directed,1454,,6
cannabis,Bitcoin,Directed,1455,,6
cannabis,leaves,Directed,1456,,5
cannabis,JoeRogan,Directed,1457,,5
Autoflowers,MechanicAdvice,Directed,1458,,12
Autoflowers,Wellthatsucks,Directed,1459,,6
Autoflowers,weed,Directed,1460,,47
Autoflowers,rosin,Directed,1461,,24
Autoflowers,GrowingMarijuana,Directed,1462,,91
Autoflowers,wallstreetbets,Directed,1463,,18
Autoflowers,spiders,Directed,1464,,8
Autoflowers,cannabiscultivation,Directed,1465,,126
Autoflowers,gardening,Directed,1466,,28
Autoflowers,cats,Directed,1467,,23
Autoflowers,aww,Directed,1468,,21
Autoflowers,whatsthisplant,Directed,1469,,16
Autoflowers,AskReddit,Directed,1470,,54
Autoflowers,microgrowery,Directed,1471,,228
Autoflowers,weedgrower,Directed,1472,,10
Autoflowers,shroomers,Directed,1473,,5
Autoflowers,MushroomGrowers,Directed,1474,,11
Autoflowers,druggardening,Directed,1475,,8
Autoflowers,mycology,Directed,1476,,13
Autoflowers,kratom,Directed,1477,,6
Autoflowers,trees,Directed,1478,,71
Autoflowers,weedbiz,Directed,1479,,5
Autoflowers,researchchemicals,Directed,1480,,7
Autoflowers,darknet,Directed,1481,,5
Autoflowers,uktrees,Directed,1482,,11
Autoflowers,Bitcoin,Directed,1483,,9
Autoflowers,treedibles,Directed,1484,,27
Autoflowers,personalfinance,Directed,1485,,12
Autoflowers,vaporents,Directed,1486,,26
Autoflowers,plants,Directed,1487,,7
Autoflowers,ADHD,Directed,1488,,9
Autoflowers,opiates,Directed,1489,,5
Autoflowers,ketamine,Directed,1490,,6
Autoflowers,askscience,Directed,1491,,15
Autoflowers,Dynavap,Directed,1492,,11
Autoflowers,ShroomID,Directed,1493,,9
Autoflowers,CBD,Directed,1494,,8
Autoflowers,benzodiazepines,Directed,1495,,5
Autoflowers,Advice,Directed,1496,,5
Autoflowers,travel,Directed,1497,,6
Autoflowers,AskDocs,Directed,1498,,11
Autoflowers,Psychedelics,Directed,1499,,5
Autoflowers,fakecartridges,Directed,1500,,5
Autoflowers,unpopularopinion,Directed,1501,,10
Autoflowers,dogecoin,Directed,1502,,11
Autoflowers,Jokes,Directed,1503,,5
Autoflowers,Showerthoughts,Directed,1504,,27
Autoflowers,apexlegends,Directed,1505,,6
Autoflowers,funny,Directed,1506,,23
Autoflowers,CannabisExtracts,Directed,1507,,21
Autoflowers,JoeRogan,Directed,1508,,7
Autoflowers,Dabs,Directed,1509,,16
Autoflowers,stopdrinking,Directed,1510,,5
Autoflowers,fantasyfootball,Directed,1511,,7
Autoflowers,amcstock,Directed,1512,,6
Autoflowers,pcgaming,Directed,1513,,5
Autoflowers,unclebens,Directed,1514,,13
Autoflowers,marijuanaenthusiasts,Directed,1515,,7
Autoflowers,drawing,Directed,1516,,6
Autoflowers,EscapefromTarkov,Directed,1517,,5
Autoflowers,buildapc,Directed,1518,,16
Autoflowers,hiphopheads,Directed,1519,,6
Autoflowers,memes,Directed,1520,,10
Autoflowers,DMT,Directed,1521,,13
Autoflowers,leagueoflegends,Directed,1522,,5
Autoflowers,modernwarfare,Directed,1523,,6
Autoflowers,SkincareAddiction,Directed,1524,,6
Autoflowers,Fitness,Directed,1525,,5
Autoflowers,plantclinic,Directed,1526,,9
Autoflowers,vegan,Directed,1527,,7
Autoflowers,itookapicture,Directed,1528,,9
Autoflowers,AppleWatch,Directed,1529,,5
Autoflowers,techsupport,Directed,1530,,14
Autoflowers,explainlikeimfive,Directed,1531,,15
Autoflowers,StonerEngineering,Directed,1532,,9
Autoflowers,Sneakers,Directed,1533,,7
Autoflowers,FashionReps,Directed,1534,,6
Autoflowers,Repsneakers,Directed,1535,,6
Autoflowers,MDMA,Directed,1536,,7
Autoflowers,gaming,Directed,1537,,17
Autoflowers,oilpen,Directed,1538,,11
Autoflowers,relationship_advice,Directed,1539,,11
Autoflowers,Twitch,Directed,1540,,5
Autoflowers,microdosing,Directed,1541,,5
Autoflowers,woodworking,Directed,1542,,6
Autoflowers,ausents,Directed,1543,,12
Autoflowers,whatsthisbug,Directed,1544,,13
Autoflowers,AskElectronics,Directed,1545,,5
Autoflowers,ArtOfRolling,Directed,1546,,14
Autoflowers,mushroomID,Directed,1547,,5
Autoflowers,NoStupidQuestions,Directed,1548,,9
Autoflowers,Rainbow6,Directed,1549,,5
Autoflowers,delta8,Directed,1550,,6
Autoflowers,Eldenring,Directed,1551,,7
Autoflowers,whatisthisthing,Directed,1552,,16
Autoflowers,hash,Directed,1553,,5
Autoflowers,Psychonaut,Directed,1554,,7
Autoflowers,NintendoSwitch,Directed,1555,,6
Autoflowers,golf,Directed,1556,,5
Autoflowers,RocketLeague,Directed,1557,,10
Autoflowers,pcmasterrace,Directed,1558,,14
Autoflowers,Aquariums,Directed,1559,,13
Autoflowers,Minecraft,Directed,1560,,6
Autoflowers,Tinder,Directed,1561,,6
Autoflowers,legaladvice,Directed,1562,,12
Autoflowers,WTF,Directed,1563,,7
Autoflowers,pics,Directed,1564,,27
Autoflowers,marvelstudios,Directed,1565,,6
Autoflowers,dogs,Directed,1566,,5
Autoflowers,sanpedrocactus,Directed,1567,,7
Autoflowers,succulents,Directed,1568,,8
Autoflowers,Vaping,Directed,1569,,5
Autoflowers,tipofmytongue,Directed,1570,,10
Autoflowers,CODWarzone,Directed,1571,,6
Autoflowers,pokemongo,Directed,1572,,6
Autoflowers,CircleofTrust,Directed,1573,,7
Autoflowers,TrueOffMyChest,Directed,1574,,6
Autoflowers,mildlyinfuriating,Directed,1575,,9
Autoflowers,mildlyinteresting,Directed,1576,,17
Autoflowers,cactus,Directed,1577,,5
Autoflowers,CryptoCurrency,Directed,1578,,13
Autoflowers,Plumbing,Directed,1579,,5
Autoflowers,videos,Directed,1580,,8
Autoflowers,Music,Directed,1581,,6
Autoflowers,oddlysatisfying,Directed,1582,,9
Autoflowers,news,Directed,1583,,5
Autoflowers,electricians,Directed,1584,,5
Autoflowers,dankmemes,Directed,1585,,5
Autoflowers,todayilearned,Directed,1586,,5
Autoflowers,shittyfoodporn,Directed,1587,,6
Autoflowers,Superstonk,Directed,1588,,9
Autoflowers,CasualUK,Directed,1589,,7
Autoflowers,AmItheAsshole,Directed,1590,,6
Autoflowers,food,Directed,1591,,8
Autoflowers,interestingasfuck,Directed,1592,,5
Autoflowers,rarepuppers,Directed,1593,,6
Autoflowers,whatcarshouldIbuy,Directed,1594,,5
MDMA,socialanxiety,Directed,1595,,7
MDMA,unclebens,Directed,1596,,7
MDMA,ausents,Directed,1597,,6
MDMA,relationships,Directed,1598,,20
MDMA,socialskills,Directed,1599,,11
MDMA,indieheads,Directed,1600,,5
MDMA,dating_advice,Directed,1601,,14
MDMA,WeAreTheMusicMakers,Directed,1602,,9
MDMA,Stims,Directed,1603,,47
MDMA,offmychest,Directed,1604,,21
MDMA,ADHD,Directed,1605,,24
MDMA,depression,Directed,1606,,34
MDMA,tipofmytongue,Directed,1607,,25
MDMA,jobs,Directed,1608,,9
MDMA,adderall,Directed,1609,,17
MDMA,hiphopheads,Directed,1610,,10
MDMA,Kanye,Directed,1611,,11
MDMA,AskMen,Directed,1612,,13
MDMA,lonely,Directed,1613,,5
MDMA,AskReddit,Directed,1614,,131
MDMA,dating,Directed,1615,,6
MDMA,AskWomen,Directed,1616,,11
MDMA,microdosing,Directed,1617,,23
MDMA,Dreams,Directed,1618,,15
MDMA,Guitar,Directed,1619,,5
MDMA,makinghiphop,Directed,1620,,5
MDMA,synthesizers,Directed,1621,,5
MDMA,Music,Directed,1622,,28
MDMA,techsupport,Directed,1623,,37
MDMA,weed,Directed,1624,,85
MDMA,MagicMushrooms,Directed,1625,,17
MDMA,whatisthisthing,Directed,1626,,27
MDMA,askscience,Directed,1627,,28
MDMA,AskDocs,Directed,1628,,28
MDMA,Cooking,Directed,1629,,6
MDMA,explainlikeimfive,Directed,1630,,24
MDMA,IllegalLifeProTips,Directed,1631,,8
MDMA,keto,Directed,1632,,8
MDMA,Showerthoughts,Directed,1633,,40
MDMA,AskElectronics,Directed,1634,,7
MDMA,cyberpunkgame,Directed,1635,,6
MDMA,Piracy,Directed,1636,,6
MDMA,personalfinance,Directed,1637,,25
MDMA,Dabs,Directed,1638,,7
MDMA,reddeadredemption,Directed,1639,,8
MDMA,whatcarshouldIbuy,Directed,1640,,7
MDMA,buildapc,Directed,1641,,29
MDMA,aww,Directed,1642,,34
MDMA,PS4,Directed,1643,,11
MDMA,gonewild,Directed,1644,,6
MDMA,tipofmypenis,Directed,1645,,6
MDMA,dogs,Directed,1646,,8
MDMA,deepweb,Directed,1647,,6
MDMA,mildlyinteresting,Directed,1648,,25
MDMA,festivals,Directed,1649,,20
MDMA,succulents,Directed,1650,,5
MDMA,electricdaisycarnival,Directed,1651,,14
MDMA,PsilocybinMushrooms,Directed,1652,,18
MDMA,molly,Directed,1653,,18
MDMA,drunk,Directed,1654,,11
MDMA,rarepuppers,Directed,1655,,7
MDMA,woodworking,Directed,1656,,5
MDMA,CasualConversation,Directed,1657,,10
MDMA,Physics,Directed,1658,,6
MDMA,wallstreetbets,Directed,1659,,20
MDMA,cats,Directed,1660,,21
MDMA,Vaping,Directed,1661,,17
MDMA,Psychedelics,Directed,1662,,59
MDMA,pokemon,Directed,1663,,13
MDMA,trees,Directed,1664,,95
MDMA,ketamine,Directed,1665,,63
MDMA,Advice,Directed,1666,,38
MDMA,lean,Directed,1667,,21
MDMA,playboicarti,Directed,1668,,9
MDMA,relationship_advice,Directed,1669,,48
MDMA,AmItheAsshole,Directed,1670,,14
MDMA,RoastMe,Directed,1671,,6
MDMA,Monero,Directed,1672,,10
MDMA,drugscirclejerk,Directed,1673,,24
MDMA,benzodiazepines,Directed,1674,,62
MDMA,csgo,Directed,1675,,11
MDMA,DMT,Directed,1676,,66
MDMA,2cb,Directed,1677,,62
MDMA,leaves,Directed,1678,,14
MDMA,cursedimages,Directed,1679,,9
MDMA,PewdiepieSubmissions,Directed,1680,,18
MDMA,teenagers,Directed,1681,,24
MDMA,oilpen,Directed,1682,,21
MDMA,Salvia,Directed,1683,,9
MDMA,NitrousOxide,Directed,1684,,5
MDMA,dxm,Directed,1685,,29
MDMA,HPPD,Directed,1686,,8
MDMA,DPH,Directed,1687,,12
MDMA,kratom,Directed,1688,,28
MDMA,alcohol,Directed,1689,,13
MDMA,researchchemicals,Directed,1690,,58
MDMA,streetwear,Directed,1691,,16
MDMA,suggestmeabook,Directed,1692,,7
MDMA,malefashionadvice,Directed,1693,,10
MDMA,SkincareAddiction,Directed,1694,,15
MDMA,medical,Directed,1695,,10
MDMA,Anxiety,Directed,1696,,16
MDMA,BPD,Directed,1697,,9
MDMA,SuicideWatch,Directed,1698,,9
MDMA,mildlyinfuriating,Directed,1699,,18
MDMA,electronic_cigarette,Directed,1700,,16
MDMA,tattoos,Directed,1701,,12
MDMA,Scams,Directed,1702,,10
MDMA,sex,Directed,1703,,25
MDMA,gay,Directed,1704,,5
MDMA,treedibles,Directed,1705,,12
MDMA,196,Directed,1706,,14
MDMA,youngpeopleyoutube,Directed,1707,,6
MDMA,speed,Directed,1708,,13
MDMA,drugtesthelp,Directed,1709,,9
MDMA,Minecraft,Directed,1710,,19
MDMA,Instagram,Directed,1711,,5
MDMA,Currentlytripping,Directed,1712,,11
MDMA,ToolBand,Directed,1713,,5
MDMA,notinteresting,Directed,1714,,6
MDMA,dontdeadopeninside,Directed,1715,,6
MDMA,CrappyDesign,Directed,1716,,8
MDMA,mycology,Directed,1717,,15
MDMA,oddlysatisfying,Directed,1718,,11
MDMA,whatsthisbug,Directed,1719,,15
MDMA,wow,Directed,1720,,9
MDMA,Sneakers,Directed,1721,,22
MDMA,dissociatives,Directed,1722,,8
MDMA,Marijuana,Directed,1723,,11
MDMA,Psychonaut,Directed,1724,,56
MDMA,NameThatSong,Directed,1725,,17
MDMA,Fitness,Directed,1726,,20
MDMA,spiders,Directed,1727,,6
MDMA,medical_advice,Directed,1728,,11
MDMA,gtaonline,Directed,1729,,9
MDMA,Bitcoin,Directed,1730,,19
MDMA,dankmemes,Directed,1731,,18
MDMA,Glitch_in_the_Matrix,Directed,1732,,5
MDMA,books,Directed,1733,,6
MDMA,DrugNerds,Directed,1734,,19
MDMA,NoStupidQuestions,Directed,1735,,25
MDMA,sporetraders,Directed,1736,,7
MDMA,spotify,Directed,1737,,11
MDMA,careerguidance,Directed,1738,,5
MDMA,cocaine,Directed,1739,,60
MDMA,quittingkratom,Directed,1740,,8
MDMA,stopsmoking,Directed,1741,,6
MDMA,learnprogramming,Directed,1742,,5
MDMA,discordapp,Directed,1743,,7
MDMA,circlejerk,Directed,1744,,9
MDMA,AnimalCrossing,Directed,1745,,5
MDMA,history,Directed,1746,,5
MDMA,NintendoSwitch,Directed,1747,,11
MDMA,ireland,Directed,1748,,8
MDMA,Windows10,Directed,1749,,5
MDMA,CryptoCurrency,Directed,1750,,17
MDMA,SuggestALaptop,Directed,1751,,9
MDMA,GlobalOffensive,Directed,1752,,13
MDMA,onions,Directed,1753,,5
MDMA,me_irl,Directed,1754,,12
MDMA,drawing,Directed,1755,,10
MDMA,pcmasterrace,Directed,1756,,20
MDMA,MrRobot,Directed,1757,,5
MDMA,gaming,Directed,1758,,25
MDMA,bodyweightfitness,Directed,1759,,5
MDMA,bodybuilding,Directed,1760,,6
MDMA,LucidDreaming,Directed,1761,,12
MDMA,Acid,Directed,1762,,33
MDMA,cracksmokers,Directed,1763,,5
MDMA,pillhead,Directed,1764,,12
MDMA,MechanicAdvice,Directed,1765,,18
MDMA,EDM,Directed,1766,,21
MDMA,opiates,Directed,1767,,49
MDMA,whatsthisrock,Directed,1768,,5
MDMA,COVID19positive,Directed,1769,,5
MDMA,ReagentTesting,Directed,1770,,31
MDMA,TripSit,Directed,1771,,12
MDMA,LSDTripLifeHacks,Directed,1772,,12
MDMA,psilocybin,Directed,1773,,10
MDMA,hardwareswap,Directed,1774,,6
MDMA,FortNiteBR,Directed,1775,,10
MDMA,leagueoflegends,Directed,1776,,21
MDMA,paypal,Directed,1777,,7
MDMA,computers,Directed,1778,,7
MDMA,HeadphoneAdvice,Directed,1779,,5
MDMA,fakecartridges,Directed,1780,,7
MDMA,Autoflowers,Directed,1781,,7
MDMA,pics,Directed,1782,,33
MDMA,Android,Directed,1783,,11
MDMA,modafinil,Directed,1784,,5
MDMA,Crystals,Directed,1785,,5
MDMA,photography,Directed,1786,,9
MDMA,Repsneakers,Directed,1787,,8
MDMA,Art,Directed,1788,,13
MDMA,TameImpala,Directed,1789,,7
MDMA,psychedelicartwork,Directed,1790,,8
MDMA,videos,Directed,1791,,17
MDMA,NoFap,Directed,1792,,20
MDMA,philosophy,Directed,1793,,8
MDMA,CBD,Directed,1794,,6
MDMA,autism,Directed,1795,,5
MDMA,Nootropics,Directed,1796,,17
MDMA,chemistry,Directed,1797,,6
MDMA,mdmatherapy,Directed,1798,,9
MDMA,addiction,Directed,1799,,9
MDMA,sleep,Directed,1800,,9
MDMA,Mushrooms,Directed,1801,,5
MDMA,Ayahuasca,Directed,1802,,9
MDMA,ptsd,Directed,1803,,5
MDMA,Meditation,Directed,1804,,11
MDMA,science,Directed,1805,,6
MDMA,UnethicalLifeProTips,Directed,1806,,5
MDMA,AskVet,Directed,1807,,7
MDMA,pcgaming,Directed,1808,,7
MDMA,ShroomID,Directed,1809,,12
MDMA,sanpedrocactus,Directed,1810,,8
MDMA,JoeRogan,Directed,1811,,7
MDMA,destiny2,Directed,1812,,6
MDMA,RocketLeague,Directed,1813,,13
MDMA,DestinyTheGame,Directed,1814,,9
MDMA,sarmssourcetalk,Directed,1815,,6
MDMA,2007scape,Directed,1816,,6
MDMA,FoodPorn,Directed,1817,,9
MDMA,uktrees,Directed,1818,,12
MDMA,rap,Directed,1819,,8
MDMA,Layer,Directed,1820,,7
MDMA,FellowKids,Directed,1821,,8
MDMA,thatHappened,Directed,1822,,8
MDMA,playstation,Directed,1823,,5
MDMA,unpopularopinion,Directed,1824,,21
MDMA,assholedesign,Directed,1825,,6
MDMA,askdrugs,Directed,1826,,25
MDMA,conspiracy,Directed,1827,,7
MDMA,drugsarebeautiful,Directed,1828,,20
MDMA,LSA,Directed,1829,,6
MDMA,saplings,Directed,1830,,5
MDMA,ArtOfRolling,Directed,1831,,6
MDMA,StackAdvice,Directed,1832,,8
MDMA,Rainbow6,Directed,1833,,8
MDMA,juul,Directed,1834,,9
MDMA,mescaline,Directed,1835,,8
MDMA,drugmemes,Directed,1836,,17
MDMA,modernwarfare,Directed,1837,,11
MDMA,space,Directed,1838,,5
MDMA,gameofthrones,Directed,1839,,5
MDMA,soccer,Directed,1840,,5
MDMA,listentothis,Directed,1841,,14
MDMA,audiophile,Directed,1842,,13
MDMA,movies,Directed,1843,,7
MDMA,StarWars,Directed,1844,,5
MDMA,BreakUps,Directed,1845,,13
MDMA,meth,Directed,1846,,17
MDMA,microgrowery,Directed,1847,,9
MDMA,punk,Directed,1848,,5
MDMA,Hair,Directed,1849,,8
MDMA,legaladvice,Directed,1850,,30
MDMA,applehelp,Directed,1851,,6
MDMA,tooktoomuch,Directed,1852,,6
MDMA,aves,Directed,1853,,36
MDMA,suboxone,Directed,1854,,7
MDMA,delta8,Directed,1855,,5
MDMA,bipolar,Directed,1856,,8
MDMA,okbuddyretard,Directed,1857,,5
MDMA,woahdude,Directed,1858,,12
MDMA,trippy,Directed,1859,,11
MDMA,electronicmusic,Directed,1860,,13
MDMA,GME,Directed,1861,,9
MDMA,TripCaves,Directed,1862,,6
MDMA,confession,Directed,1863,,6
MDMA,AMA,Directed,1864,,11
MDMA,FreeKarma4U,Directed,1865,,12
MDMA,Entrepreneur,Directed,1866,,5
MDMA,TooAfraidToAsk,Directed,1867,,6
MDMA,copypasta,Directed,1868,,6
MDMA,gabagoodness,Directed,1869,,7
MDMA,OpiatesRecovery,Directed,1870,,5
MDMA,heroin,Directed,1871,,11
MDMA,tifu,Directed,1872,,9
MDMA,HomeworkHelp,Directed,1873,,6
MDMA,vegan,Directed,1874,,7
MDMA,MushroomGrowers,Directed,1875,,15
MDMA,Techno,Directed,1876,,15
MDMA,apexlegends,Directed,1877,,7
MDMA,memes,Directed,1878,,28
MDMA,WTF,Directed,1879,,13
MDMA,funny,Directed,1880,,40
MDMA,answers,Directed,1881,,6
MDMA,WeightLossAdvice,Directed,1882,,5
MDMA,shroomers,Directed,1883,,8
MDMA,ambien,Directed,1884,,6
MDMA,DunderMifflin,Directed,1885,,7
MDMA,meme,Directed,1886,,6
MDMA,mentalhealth,Directed,1887,,14
MDMA,ihadastroke,Directed,1888,,6
MDMA,StonerEngineering,Directed,1889,,10
MDMA,shittyfoodporn,Directed,1890,,6
MDMA,1P_LSD,Directed,1891,,5
MDMA,intermittentfasting,Directed,1892,,6
MDMA,RationalPsychonaut,Directed,1893,,10
MDMA,afinil,Directed,1894,,5
MDMA,headphones,Directed,1895,,10
MDMA,PsychedelicStudies,Directed,1896,,7
MDMA,Supplements,Directed,1897,,8
MDMA,Dentistry,Directed,1898,,6
MDMA,musicproduction,Directed,1899,,8
MDMA,travel,Directed,1900,,13
MDMA,AndroidQuestions,Directed,1901,,9
MDMA,technology,Directed,1902,,6
MDMA,AdviceAnimals,Directed,1903,,5
MDMA,atheism,Directed,1904,,7
MDMA,Christianity,Directed,1905,,7
MDMA,CannabisExtracts,Directed,1906,,8
MDMA,sadboys,Directed,1907,,11
MDMA,help,Directed,1908,,5
MDMA,CircleofTrust,Directed,1909,,6
MDMA,iphone,Directed,1910,,13
MDMA,youtube,Directed,1911,,11
MDMA,highdeas,Directed,1912,,7
MDMA,insomnia,Directed,1913,,7
MDMA,mac,Directed,1914,,6
MDMA,raisedbynarcissists,Directed,1915,,7
MDMA,Tinder,Directed,1916,,13
MDMA,writing,Directed,1917,,9
MDMA,piercing,Directed,1918,,11
MDMA,whatsthisplant,Directed,1919,,7
MDMA,cactus,Directed,1920,,5
MDMA,DecidingToBeBetter,Directed,1921,,6
MDMA,benzorecovery,Directed,1922,,8
MDMA,Cigarettes,Directed,1923,,9
MDMA,Buddhism,Directed,1924,,5
MDMA,booksuggestions,Directed,1925,,5
MDMA,vaporents,Directed,1926,,15
MDMA,australia,Directed,1927,,11
MDMA,spirituality,Directed,1928,,7
MDMA,HydroHomies,Directed,1929,,6
MDMA,replications,Directed,1930,,7
MDMA,DIY,Directed,1931,,8
MDMA,phenibut,Directed,1932,,6
MDMA,Eminem,Directed,1933,,5
MDMA,softwaregore,Directed,1934,,5
MDMA,psychology,Directed,1935,,5
MDMA,Monitors,Directed,1936,,5
MDMA,translator,Directed,1937,,7
MDMA,iamverybadass,Directed,1938,,6
MDMA,LifeProTips,Directed,1939,,7
MDMA,NBA2k,Directed,1940,,8
MDMA,ableton,Directed,1941,,5
MDMA,XXXTENTACION,Directed,1942,,6
MDMA,worldnews,Directed,1943,,5
MDMA,Filmmakers,Directed,1944,,5
MDMA,apple,Directed,1945,,5
MDMA,itookapicture,Directed,1946,,5
MDMA,todayilearned,Directed,1947,,7
MDMA,ufc,Directed,1948,,5
MDMA,LilPeep,Directed,1949,,7
MDMA,im14andthisisdeep,Directed,1950,,5
MDMA,lawofattraction,Directed,1951,,8
MDMA,Psychic,Directed,1952,,5
MDMA,AstralProjection,Directed,1953,,5
MDMA,iamverysmart,Directed,1954,,5
MDMA,Amd,Directed,1955,,7
MDMA,darksouls3,Directed,1956,,7
MDMA,TrueOffMyChest,Directed,1957,,6
MDMA,EarthPorn,Directed,1958,,8
MDMA,xbox,Directed,1959,,8
MDMA,CatAdvice,Directed,1960,,6
MDMA,Eldenring,Directed,1961,,6
MDMA,FashionReps,Directed,1962,,18
MDMA,cars,Directed,1963,,10
MDMA,yoga,Directed,1964,,8
MDMA,Games,Directed,1965,,5
MDMA,nba,Directed,1966,,5
MDMA,southpark,Directed,1967,,5
MDMA,dubstep,Directed,1968,,7
MDMA,investing,Directed,1969,,10
MDMA,happy,Directed,1970,,5
MDMA,pokemongo,Directed,1971,,9
MDMA,trance,Directed,1972,,5
MDMA,fantasyfootball,Directed,1973,,8
MDMA,Overwatch,Directed,1974,,7
MDMA,darknet,Directed,1975,,25
MDMA,antiwork,Directed,1976,,6
MDMA,HomeImprovement,Directed,1977,,6
MDMA,lgbt,Directed,1978,,6
MDMA,Superstonk,Directed,1979,,7
MDMA,cannabiscultivation,Directed,1980,,5
MDMA,CoinBase,Directed,1981,,6
MDMA,trashy,Directed,1982,,9
MDMA,AskAstrologers,Directed,1983,,5
MDMA,CallOfDuty,Directed,1984,,6
MDMA,jailbreak,Directed,1985,,7
MDMA,schizophrenia,Directed,1986,,10
MDMA,food,Directed,1987,,5
MDMA,dadjokes,Directed,1988,,5
MDMA,Jokes,Directed,1989,,6
MDMA,dogecoin,Directed,1990,,5
MDMA,audioengineering,Directed,1991,,9
MDMA,drugcirclejerk,Directed,1992,,5
MDMA,Watches,Directed,1993,,5
MDMA,PsychedelicTherapy,Directed,1994,,5
MDMA,Psychedelic,Directed,1995,,6
MDMA,tripreports,Directed,1996,,6
MDMA,fentanyl,Directed,1997,,5
MDMA,STD,Directed,1998,,5
MDMA,blackopscoldwar,Directed,1999,,5
MDMA,trap,Directed,2000,,5
MDMA,GrowingMarijuana,Directed,2001,,6
MDMA,FL_Studio,Directed,2002,,6
MDMA,Unexpected,Directed,2003,,5
MDMA,anime,Directed,2004,,5
MDMA,psychedelicrock,Directed,2005,,7
MDMA,MadeMeSmile,Directed,2006,,7
MDMA,ThisIsOurMusic,Directed,2007,,5
MDMA,liluzivert,Directed,2008,,8
MDMA,occult,Directed,2009,,5
